evaluation_mode,scenario_id,model_name,calibration_profile,percentile_setting,top_k_setting,suppression_enabled,support_summary_mode,extraction_mode,region_proposal_mode,verifier_mode,final_decision_mode,concentration_threshold_setting,component_ratio_setting,neighborhood_ratio_setting,local_density_threshold,neighborhood_persistence_threshold,temporal_consistency_threshold,candidate_region_count_mean,selected_region_count_mean,selected_region_coverage_mean,single_edge_region_ratio,mean_candidate_time_span,train_benign_graphs,calib_benign_graphs,test_benign_graphs,test_malicious_graphs,test_unknown_graphs,threshold,precision,recall,f1,fpr,roc_auc,pr_auc,background_hit_ratio,unknown_count,unknown_score_mean,unknown_score_median,nuisance_boundary_mode,benign_boundary_value,nuisance_boundary_value,nuisance_rejection_rate,nuisance_like_false_positive_rate,benign_misrejected_as_nuisance_rate,malicious_blocked_by_nuisance_rate,malicious_like_episode_precision,episode_to_graph_decision_consistency
scenario_wise,48,node_recon_baseline,heldout_q95,95.0,1,False,score_only_baseline,per_src_ip_within_window,,,,,,,,,,0.0,0.0,0.0,0.0,0.0,13,5,8,2,4171,22.62003508681597,0.0,0.0,0.0,0.0,0.75,0.6666666666666666,0.09302325581395349,4171,17149.74995427445,0.7686891420216515,,,,,,,,,
scenario_wise,48,node_recon_baseline,heldout_q97,97.0,1,False,score_only_baseline,per_src_ip_within_window,,,,,,,,,,0.0,0.0,0.0,0.0,0.0,13,5,8,2,4171,24.826351927571146,0.0,0.0,0.0,0.0,0.75,0.6666666666666666,0.09110525053943898,4171,17149.74995427445,0.7686891420216515,,,,,,,,,
scenario_wise,48,node_recon_baseline,heldout_q99,99.0,1,False,score_only_baseline,per_src_ip_within_window,,,,,,,,,,0.0,0.0,0.0,0.0,0.0,13,5,8,2,4171,27.032668768326324,0.0,0.0,0.0,0.0,0.75,0.6666666666666666,0.08918724526492448,4171,17149.74995427445,0.7686891420216515,,,,,,,,,
scenario_wise,48,edge_temporal_binary_v2,heldout_q95_top1,95.0,1,True,old_concentration,per_src_ip_within_window,,,,1.0,1.0,1.0,1.0,0.5266666666666666,0.3883333333333333,0.0,0.0,0.0,0.0,0.0,13,5,8,2,4171,2924153.5862563653,1.0,0.5,0.6666666666666666,0.0,0.625,0.625,0.18340925437544953,4171,7440529.746623922,0.23035268425253724,,,,,,,,,
scenario_wise,48,edge_temporal_binary_v2,heldout_q95_top1,95.0,1,False,local_support_density,per_src_ip_within_window,,,,,,,1.0,,,0.0,0.0,0.0,0.0,0.0,13,5,8,2,4171,5848306.758738721,1.0,0.5,0.6666666666666666,0.0,0.625,0.625,0.15943418844401822,4171,11074338.325111266,0.45511610466582,,,,,,,,,
scenario_wise,48,edge_temporal_binary_v2,heldout_q95_top1,95.0,1,False,combined_support_summary,per_src_ip_within_window,,,,,,,1.0,0.5266666666666666,0.3883333333333333,0.0,0.0,0.0,0.0,0.0,13,5,8,2,4171,5848306.758738721,1.0,0.5,0.6666666666666666,0.0,0.625,0.625,0.17501798129944857,4171,11074338.325111266,0.45511610466582,,,,,,,,,
scenario_wise,48,edge_temporal_binary_v2,heldout_q99_top5,99.0,5,True,old_concentration,per_src_ip_within_window,,,,1.0,1.0,1.0,1.0,0.5373333333333333,0.45366666666666666,0.0,0.0,0.0,0.0,0.0,13,5,8,2,4171,3508983.8762138225,1.0,0.5,0.6666666666666666,0.0,0.625,0.625,0.18053224646367777,4171,6298150.795481108,0.23026119294975117,,,,,,,,,
scenario_wise,48,edge_temporal_binary_v2,heldout_q99_top5,99.0,5,False,local_support_density,per_src_ip_within_window,,,,,,,1.0,,,0.0,0.0,0.0,0.0,0.0,13,5,8,2,4171,7017967.68319265,1.0,0.5,0.6666666666666666,0.0,0.75,0.6666666666666666,0.15607767921361784,4171,9931959.373968454,0.4540243675862389,,,,,,,,,
scenario_wise,48,edge_temporal_binary_v2,heldout_q99_top5,99.0,5,False,combined_support_summary,per_src_ip_within_window,,,,,,,1.0,0.5373333333333333,0.45366666666666666,0.0,0.0,0.0,0.0,0.0,13,5,8,2,4171,7017967.68319265,1.0,0.5,0.6666666666666666,0.0,0.75,0.6666666666666666,0.16590745624550468,4171,9931959.373968454,0.4540243675862389,,,,,,,,,
scenario_wise,48,edge_temporal_binary_v2_nuisance_aware,heldout_q95_top1,95.0,1,True,old_concentration,per_src_ip_within_window,,,nuisance_aware_boundary,1.0,1.0,1.0,1.0,0.5266666666666666,0.3883333333333333,0.0,0.0,0.0,0.0,0.0,13,5,8,2,4171,0.3675999609323407,1.0,0.5,0.6666666666666666,0.0,0.625,0.625,0.17573723327739152,4171,7440466.197500839,-0.5695205562511642,nuisance_q90_margin025,2924074.9607453225,0.8139053125346257,0.007672021098058019,0.0,0.0,0.0,1.0,1.0
scenario_wise,48,edge_temporal_binary_v2_nuisance_aware,heldout_q95_top1,95.0,1,True,old_concentration,per_src_ip_within_window,,,nuisance_aware_boundary,1.0,1.0,1.0,1.0,0.5266666666666666,0.3883333333333333,0.0,0.0,0.0,0.0,0.0,13,5,8,2,4171,0.3675999609323407,1.0,0.5,0.6666666666666666,0.0,0.625,0.625,0.17573723327739152,4171,7440466.197500839,-0.5695205562511642,nuisance_q95_margin025,2924074.9607453225,0.8144991704797558,0.007672021098058019,0.0,0.0,0.0,1.0,1.0
scenario_wise,48,edge_temporal_binary_v2_nuisance_aware,heldout_q95_top1,95.0,1,True,old_concentration,per_src_ip_within_window,,,nuisance_aware_boundary,1.0,1.0,1.0,1.0,0.5266666666666666,0.3883333333333333,0.0,0.0,0.0,0.0,0.0,13,5,8,2,4171,0.3675999609323407,1.0,0.5,0.6666666666666666,0.0,0.625,0.625,0.17142172140973388,4171,7440466.197500839,-0.5695205562511642,nuisance_q95_margin050,2924074.9607453225,0.8144991704797558,0.011987532965715655,0.0,0.0,0.0,1.0,1.0
scenario_wise,48,edge_temporal_binary_v2_nuisance_aware,heldout_q95_top1,95.0,1,False,local_support_density,per_src_ip_within_window,,,nuisance_aware_boundary,,,,1.0,,,0.0,0.0,0.0,0.0,0.0,13,5,8,2,4171,0.367599980466169,1.0,0.5,0.6666666666666666,0.0,0.625,0.625,0.17405897866219133,4171,11074241.698539967,-0.32557618398982546,nuisance_q90_margin025,5848149.506084229,0.8115435544367913,0.007192519779429393,0.0,0.0,0.0,1.0,1.0
scenario_wise,48,edge_temporal_binary_v2_nuisance_aware,heldout_q95_top1,95.0,1,False,local_support_density,per_src_ip_within_window,,,nuisance_aware_boundary,,,,1.0,,,0.0,0.0,0.0,0.0,0.0,13,5,8,2,4171,0.367599980466169,1.0,0.5,0.6666666666666666,0.0,0.625,0.625,0.17405897866219133,4171,11074241.698539967,-0.32557618398982546,nuisance_q95_margin025,5848149.506084229,0.8118571684575855,0.007192519779429393,0.0,0.0,0.0,1.0,1.0
scenario_wise,48,edge_temporal_binary_v2_nuisance_aware,heldout_q95_top1,95.0,1,False,local_support_density,per_src_ip_within_window,,,nuisance_aware_boundary,,,,1.0,,,0.0,0.0,0.0,0.0,0.0,13,5,8,2,4171,0.367599980466169,1.0,0.5,0.6666666666666666,0.0,0.625,0.625,0.16806521217933348,4171,11074241.698539967,-0.32557618398982546,nuisance_q95_margin050,5848149.506084229,0.8118571684575855,0.013186286262287222,0.0,0.0,0.0,1.0,1.0
scenario_wise,48,edge_temporal_binary_v2_nuisance_aware,heldout_q95_top1,95.0,1,False,combined_support_summary,per_src_ip_within_window,,,nuisance_aware_boundary,,,,1.0,0.5266666666666666,0.3883333333333333,0.0,0.0,0.0,0.0,0.0,13,5,8,2,4171,0.367599980466169,1.0,0.5,0.6666666666666666,0.0,0.625,0.625,0.17405897866219133,4171,11074241.698539967,-0.32557618398982546,nuisance_q90_margin025,5848149.506084229,0.8115435544367913,0.007192519779429393,0.0,0.0,0.0,1.0,1.0
scenario_wise,48,edge_temporal_binary_v2_nuisance_aware,heldout_q95_top1,95.0,1,False,combined_support_summary,per_src_ip_within_window,,,nuisance_aware_boundary,,,,1.0,0.5266666666666666,0.3883333333333333,0.0,0.0,0.0,0.0,0.0,13,5,8,2,4171,0.367599980466169,1.0,0.5,0.6666666666666666,0.0,0.625,0.625,0.17405897866219133,4171,11074241.698539967,-0.32557618398982546,nuisance_q95_margin025,5848149.506084229,0.8118571684575855,0.007192519779429393,0.0,0.0,0.0,1.0,1.0
scenario_wise,48,edge_temporal_binary_v2_nuisance_aware,heldout_q95_top1,95.0,1,False,combined_support_summary,per_src_ip_within_window,,,nuisance_aware_boundary,,,,1.0,0.5266666666666666,0.3883333333333333,0.0,0.0,0.0,0.0,0.0,13,5,8,2,4171,0.367599980466169,1.0,0.5,0.6666666666666666,0.0,0.625,0.625,0.16806521217933348,4171,11074241.698539967,-0.32557618398982546,nuisance_q95_margin050,5848149.506084229,0.8118571684575855,0.013186286262287222,0.0,0.0,0.0,1.0,1.0
scenario_wise,48,edge_temporal_binary_v2_nuisance_aware,heldout_q99_top5,99.0,5,True,old_concentration,per_src_ip_within_window,,,nuisance_aware_boundary,1.0,1.0,1.0,1.0,0.5373333333333333,0.45366666666666666,0.0,0.0,0.0,0.0,0.0,13,5,8,2,4171,0.3661398747099702,1.0,0.5,0.6666666666666666,0.0,0.625,0.625,0.173819228002877,4171,6298094.134695046,-0.5699366238211108,nuisance_q90_margin025,2924074.898544359,0.8142353933313574,0.008151522416686647,0.0,0.0,0.0,1.0,1.0
scenario_wise,48,edge_temporal_binary_v2_nuisance_aware,heldout_q99_top5,99.0,5,True,old_concentration,per_src_ip_within_window,,,nuisance_aware_boundary,1.0,1.0,1.0,1.0,0.5373333333333333,0.45366666666666666,0.0,0.0,0.0,0.0,0.0,13,5,8,2,4171,0.3661398747099702,1.0,0.5,0.6666666666666666,0.0,0.625,0.625,0.173819228002877,4171,6298094.134695046,-0.5699366238211108,nuisance_q95_margin025,2924074.898544359,0.8145434162591624,0.008151522416686647,0.0,0.0,0.0,1.0,1.0
scenario_wise,48,edge_temporal_binary_v2_nuisance_aware,heldout_q99_top5,99.0,5,True,old_concentration,per_src_ip_within_window,,,nuisance_aware_boundary,1.0,1.0,1.0,1.0,0.5373333333333333,0.45366666666666666,0.0,0.0,0.0,0.0,0.0,13,5,8,2,4171,0.3661398747099702,1.0,0.5,0.6666666666666666,0.0,0.625,0.625,0.16902421481659075,4171,6298094.134695046,-0.5699366238211108,nuisance_q95_margin050,2924074.898544359,0.8145434162591624,0.012946535602972908,0.0,0.0,0.0,1.0,1.0
scenario_wise,48,edge_temporal_binary_v2_nuisance_aware,heldout_q99_top5,99.0,5,False,local_support_density,per_src_ip_within_window,,,nuisance_aware_boundary,,,,1.0,,,0.0,0.0,0.0,0.0,0.0,13,5,8,2,4171,0.36613989131889735,1.0,0.5,0.6666666666666666,0.0,0.6875,0.6428571428571428,0.16734596020139056,4171,9931869.63363362,-0.328021409980756,nuisance_q90_margin025,5848149.443883265,0.8134884757203644,0.011987532965715655,0.0,0.0,0.0,1.0,1.0
scenario_wise,48,edge_temporal_binary_v2_nuisance_aware,heldout_q99_top5,99.0,5,False,local_support_density,per_src_ip_within_window,,,nuisance_aware_boundary,,,,1.0,,,0.0,0.0,0.0,0.0,0.0,13,5,8,2,4171,0.36613989131889735,1.0,0.5,0.6666666666666666,0.0,0.6875,0.6428571428571428,0.16734596020139056,4171,9931869.63363362,-0.328021409980756,nuisance_q95_margin025,5848149.443883265,0.8138194798014862,0.011987532965715655,0.0,0.0,0.0,1.0,1.0
scenario_wise,48,edge_temporal_binary_v2_nuisance_aware,heldout_q99_top5,99.0,5,False,local_support_density,per_src_ip_within_window,,,nuisance_aware_boundary,,,,1.0,,,0.0,0.0,0.0,0.0,0.0,13,5,8,2,4171,0.36613989131889735,1.0,0.5,0.6666666666666666,0.0,0.6875,0.6428571428571428,0.16207144569647566,4171,9931869.63363362,-0.328021409980756,nuisance_q95_margin050,5848149.443883265,0.8138194798014862,0.017262047470630544,0.0,0.0,0.0,1.0,1.0
scenario_wise,48,edge_temporal_binary_v2_nuisance_aware,heldout_q99_top5,99.0,5,False,combined_support_summary,per_src_ip_within_window,,,nuisance_aware_boundary,,,,1.0,0.5373333333333333,0.45366666666666666,0.0,0.0,0.0,0.0,0.0,13,5,8,2,4171,0.36613989131889735,1.0,0.5,0.6666666666666666,0.0,0.6875,0.6428571428571428,0.16734596020139056,4171,9931869.63363362,-0.328021409980756,nuisance_q90_margin025,5848149.443883265,0.8134884757203644,0.011987532965715655,0.0,0.0,0.0,1.0,1.0
scenario_wise,48,edge_temporal_binary_v2_nuisance_aware,heldout_q99_top5,99.0,5,False,combined_support_summary,per_src_ip_within_window,,,nuisance_aware_boundary,,,,1.0,0.5373333333333333,0.45366666666666666,0.0,0.0,0.0,0.0,0.0,13,5,8,2,4171,0.36613989131889735,1.0,0.5,0.6666666666666666,0.0,0.6875,0.6428571428571428,0.16734596020139056,4171,9931869.63363362,-0.328021409980756,nuisance_q95_margin025,5848149.443883265,0.8138194798014862,0.011987532965715655,0.0,0.0,0.0,1.0,1.0
scenario_wise,48,edge_temporal_binary_v2_nuisance_aware,heldout_q99_top5,99.0,5,False,combined_support_summary,per_src_ip_within_window,,,nuisance_aware_boundary,,,,1.0,0.5373333333333333,0.45366666666666666,0.0,0.0,0.0,0.0,0.0,13,5,8,2,4171,0.36613989131889735,1.0,0.5,0.6666666666666666,0.0,0.6875,0.6428571428571428,0.16207144569647566,4171,9931869.63363362,-0.328021409980756,nuisance_q95_margin050,5848149.443883265,0.8138194798014862,0.017262047470630544,0.0,0.0,0.0,1.0,1.0
scenario_wise,49,node_recon_baseline,heldout_q95,95.0,1,False,score_only_baseline,per_src_ip_within_window,,,,,,,,,,0.0,0.0,0.0,0.0,0.0,16,6,11,3,5395,4.242768465679191,0.0,0.0,0.0,0.09090909090909091,0.4242424242424242,0.3121693121693122,0.08359592215013902,5395,32660.316624398085,0.3417507917496291,,,,,,,,,
scenario_wise,49,node_recon_baseline,heldout_q97,97.0,1,False,score_only_baseline,per_src_ip_within_window,,,,,,,,,,0.0,0.0,0.0,0.0,0.0,16,6,11,3,5395,4.69184729769872,0.0,0.0,0.0,0.09090909090909091,0.4242424242424242,0.3121693121693122,0.0819277108433735,5395,32660.316624398085,0.3417507917496291,,,,,,,,,
scenario_wise,49,node_recon_baseline,heldout_q99,99.0,1,False,score_only_baseline,per_src_ip_within_window,,,,,,,,,,0.0,0.0,0.0,0.0,0.0,16,6,11,3,5395,5.140926129718253,0.0,0.0,0.0,0.09090909090909091,0.4242424242424242,0.3121693121693122,0.07933271547729379,5395,32660.316624398085,0.3417507917496291,,,,,,,,,
scenario_wise,49,edge_temporal_binary_v2,heldout_q95_top1,95.0,1,True,old_concentration,per_src_ip_within_window,,,,1.0,1.0,1.0,1.0,0.5666666666666667,0.6333333333333333,0.0,0.0,0.0,0.0,0.0,16,6,11,3,5395,6523.562006367075,0.75,1.0,0.8571428571428571,0.09090909090909091,0.9696969696969697,0.9166666666666665,0.34365152919369785,5395,64944191.286182344,0.7587084679774982,,,,,,,,,
scenario_wise,49,edge_temporal_binary_v2,heldout_q95_top1,95.0,1,False,local_support_density,per_src_ip_within_window,,,,,,,1.0,,,0.0,0.0,0.0,0.0,0.0,16,6,11,3,5395,6523.562006367075,0.75,1.0,0.8571428571428571,0.09090909090909091,0.9696969696969697,0.9166666666666665,0.32863762743280817,5395,102632239.19212781,1.4964791938016138,,,,,,,,,
scenario_wise,49,edge_temporal_binary_v2,heldout_q95_top1,95.0,1,False,combined_support_summary,per_src_ip_within_window,,,,,,,1.0,0.5666666666666667,0.6333333333333333,0.0,0.0,0.0,0.0,0.0,16,6,11,3,5395,6523.562006367075,0.75,1.0,0.8571428571428571,0.09090909090909091,0.9696969696969697,0.9166666666666665,0.3397590361445783,5395,102632239.19212781,1.4964791938016138,,,,,,,,,
scenario_wise,49,edge_temporal_binary_v2,heldout_q99_top5,99.0,5,True,old_concentration,per_src_ip_within_window,,,,1.0,1.0,1.0,1.0,0.5666666666666667,0.6333333333333333,0.0,0.0,0.0,0.0,0.0,16,6,11,3,5395,2761.725337078422,0.75,1.0,0.8571428571428571,0.09090909090909091,0.9696969696969697,0.9166666666666665,0.3597775718257646,5395,57898580.63944901,0.7533837507693992,,,,,,,,,
scenario_wise,49,edge_temporal_binary_v2,heldout_q99_top5,99.0,5,False,local_support_density,per_src_ip_within_window,,,,,,,1.0,,,0.0,0.0,0.0,0.0,0.0,16,6,11,3,5395,2761.725337078422,0.75,1.0,0.8571428571428571,0.09090909090909091,0.9696969696969697,0.9166666666666665,0.3384615384615385,5395,95586628.54539445,1.4928702595611154,,,,,,,,,
scenario_wise,49,edge_temporal_binary_v2,heldout_q99_top5,99.0,5,False,combined_support_summary,per_src_ip_within_window,,,,,,,1.0,0.5666666666666667,0.6333333333333333,0.0,0.0,0.0,0.0,0.0,16,6,11,3,5395,2761.725337078422,0.75,1.0,0.8571428571428571,0.09090909090909091,0.9696969696969697,0.9166666666666665,0.3495829471733086,5395,95586628.54539445,1.4928702595611154,,,,,,,,,
scenario_wise,49,edge_temporal_binary_v2_nuisance_aware,heldout_q95_top1,95.0,1,True,old_concentration,per_src_ip_within_window,,,nuisance_aware_boundary,1.0,1.0,1.0,1.0,0.5666666666666667,0.6333333333333333,0.0,0.0,0.0,0.0,0.0,16,6,11,3,5395,0.43014098837034487,0.75,1.0,0.8571428571428571,0.09090909090909091,0.9696969696969697,0.9166666666666665,0.32696941612604263,5395,64943821.88497475,-0.04276217769650403,nuisance_q90_margin025,6521.54820896811,0.8441604879134088,0.016682113067655237,0.0,0.0,0.0,0.75,1.0
scenario_wise,49,edge_temporal_binary_v2_nuisance_aware,heldout_q95_top1,95.0,1,True,old_concentration,per_src_ip_within_window,,,nuisance_aware_boundary,1.0,1.0,1.0,1.0,0.5666666666666667,0.6333333333333333,0.0,0.0,0.0,0.0,0.0,16,6,11,3,5395,0.43014098837034487,0.75,1.0,0.8571428571428571,0.09090909090909091,0.9696969696969697,0.9166666666666665,0.32696941612604263,5395,64943821.88497475,-0.04276217769650403,nuisance_q95_margin025,6521.54820896811,0.8617989261499616,0.016682113067655237,0.0,0.0,0.0,0.75,1.0
scenario_wise,49,edge_temporal_binary_v2_nuisance_aware,heldout_q95_top1,95.0,1,True,old_concentration,per_src_ip_within_window,,,nuisance_aware_boundary,1.0,1.0,1.0,1.0,0.5666666666666667,0.6333333333333333,0.0,0.0,0.0,0.0,0.0,16,6,11,3,5395,0.43014098837034487,1.0,0.6666666666666666,0.8,0.0,0.9696969696969697,0.9166666666666665,0.20648748841519926,5395,64943821.88497475,-0.04276217769650403,nuisance_q95_margin050,6521.54820896811,0.8617989261499616,0.1371640407784986,0.09090909090909091,0.09090909090909091,0.3333333333333333,1.0,1.0
scenario_wise,49,edge_temporal_binary_v2_nuisance_aware,heldout_q95_top1,95.0,1,False,local_support_density,per_src_ip_within_window,,,nuisance_aware_boundary,,,,1.0,,,0.0,0.0,0.0,0.0,0.0,16,6,11,3,5395,0.43014098837034487,0.75,1.0,0.8571428571428571,0.09090909090909091,0.9696969696969697,0.9166666666666665,0.3410565338276182,5395,102631645.08458647,0.7301495450280685,nuisance_q90_margin025,6521.54820896811,0.8425116654909813,0.015013901760889712,0.0,0.0,0.0,0.75,1.0
scenario_wise,49,edge_temporal_binary_v2_nuisance_aware,heldout_q95_top1,95.0,1,False,local_support_density,per_src_ip_within_window,,,nuisance_aware_boundary,,,,1.0,,,0.0,0.0,0.0,0.0,0.0,16,6,11,3,5395,0.43014098837034487,0.75,1.0,0.8571428571428571,0.09090909090909091,0.9696969696969697,0.9166666666666665,0.3410565338276182,5395,102631645.08458647,0.7301495450280685,nuisance_q95_margin025,6521.54820896811,0.863135254268749,0.015013901760889712,0.0,0.0,0.0,0.75,1.0
scenario_wise,49,edge_temporal_binary_v2_nuisance_aware,heldout_q95_top1,95.0,1,False,local_support_density,per_src_ip_within_window,,,nuisance_aware_boundary,,,,1.0,,,0.0,0.0,0.0,0.0,0.0,16,6,11,3,5395,0.43014098837034487,1.0,0.6666666666666666,0.8,0.0,0.9696969696969697,0.9166666666666665,0.22947173308619093,5395,102631645.08458647,0.7301495450280685,nuisance_q95_margin050,6521.54820896811,0.863135254268749,0.12659870250231697,0.09090909090909091,0.09090909090909091,0.3333333333333333,1.0,1.0
scenario_wise,49,edge_temporal_binary_v2_nuisance_aware,heldout_q95_top1,95.0,1,False,combined_support_summary,per_src_ip_within_window,,,nuisance_aware_boundary,,,,1.0,0.5666666666666667,0.6333333333333333,0.0,0.0,0.0,0.0,0.0,16,6,11,3,5395,0.43014098837034487,0.75,1.0,0.8571428571428571,0.09090909090909091,0.9696969696969697,0.9166666666666665,0.3410565338276182,5395,102631645.08458647,0.7301495450280685,nuisance_q90_margin025,6521.54820896811,0.8425116654909813,0.015013901760889712,0.0,0.0,0.0,0.75,1.0
scenario_wise,49,edge_temporal_binary_v2_nuisance_aware,heldout_q95_top1,95.0,1,False,combined_support_summary,per_src_ip_within_window,,,nuisance_aware_boundary,,,,1.0,0.5666666666666667,0.6333333333333333,0.0,0.0,0.0,0.0,0.0,16,6,11,3,5395,0.43014098837034487,0.75,1.0,0.8571428571428571,0.09090909090909091,0.9696969696969697,0.9166666666666665,0.3410565338276182,5395,102631645.08458647,0.7301495450280685,nuisance_q95_margin025,6521.54820896811,0.863135254268749,0.015013901760889712,0.0,0.0,0.0,0.75,1.0
scenario_wise,49,edge_temporal_binary_v2_nuisance_aware,heldout_q95_top1,95.0,1,False,combined_support_summary,per_src_ip_within_window,,,nuisance_aware_boundary,,,,1.0,0.5666666666666667,0.6333333333333333,0.0,0.0,0.0,0.0,0.0,16,6,11,3,5395,0.43014098837034487,1.0,0.6666666666666666,0.8,0.0,0.9696969696969697,0.9166666666666665,0.22947173308619093,5395,102631645.08458647,0.7301495450280685,nuisance_q95_margin050,6521.54820896811,0.863135254268749,0.12659870250231697,0.09090909090909091,0.09090909090909091,0.3333333333333333,1.0,1.0
scenario_wise,49,edge_temporal_binary_v2_nuisance_aware,heldout_q99_top5,99.0,5,True,old_concentration,per_src_ip_within_window,,,nuisance_aware_boundary,1.0,1.0,1.0,1.0,0.5666666666666667,0.6333333333333333,0.0,0.0,0.0,0.0,0.0,16,6,11,3,5395,0.4068737273050462,0.75,1.0,0.8571428571428571,0.09090909090909091,0.9696969696969697,0.9166666666666665,0.35125115848007415,5395,57898242.863609746,-0.044190199654264184,nuisance_q90_margin025,2181.81314404208,0.8448639816232659,0.01149212233549583,0.0,0.0,0.0,0.75,1.0
scenario_wise,49,edge_temporal_binary_v2_nuisance_aware,heldout_q99_top5,99.0,5,True,old_concentration,per_src_ip_within_window,,,nuisance_aware_boundary,1.0,1.0,1.0,1.0,0.5666666666666667,0.6333333333333333,0.0,0.0,0.0,0.0,0.0,16,6,11,3,5395,0.4068737273050462,0.75,1.0,0.8571428571428571,0.09090909090909091,0.9696969696969697,0.9166666666666665,0.35125115848007415,5395,57898242.863609746,-0.044190199654264184,nuisance_q95_margin025,2181.81314404208,0.8625220112786021,0.01149212233549583,0.0,0.0,0.0,0.75,1.0
scenario_wise,49,edge_temporal_binary_v2_nuisance_aware,heldout_q99_top5,99.0,5,True,old_concentration,per_src_ip_within_window,,,nuisance_aware_boundary,1.0,1.0,1.0,1.0,0.5666666666666667,0.6333333333333333,0.0,0.0,0.0,0.0,0.0,16,6,11,3,5395,0.4068737273050462,0.75,1.0,0.8571428571428571,0.09090909090909091,0.9696969696969697,0.9166666666666665,0.3110287303058387,5395,57898242.863609746,-0.044190199654264184,nuisance_q95_margin050,2181.81314404208,0.8625220112786021,0.051714550509731234,0.0,0.0,0.0,0.75,1.0
scenario_wise,49,edge_temporal_binary_v2_nuisance_aware,heldout_q99_top5,99.0,5,False,local_support_density,per_src_ip_within_window,,,nuisance_aware_boundary,,,,1.0,,,0.0,0.0,0.0,0.0,0.0,16,6,11,3,5395,0.4068737273050462,0.75,1.0,0.8571428571428571,0.09090909090909091,0.9696969696969697,0.9166666666666665,0.35903614457831323,5395,95586066.0627198,0.7227179194996356,nuisance_q90_margin025,2181.81314404208,0.84292566366901,0.00778498609823911,0.0,0.0,0.0,0.75,1.0
scenario_wise,49,edge_temporal_binary_v2_nuisance_aware,heldout_q99_top5,99.0,5,False,local_support_density,per_src_ip_within_window,,,nuisance_aware_boundary,,,,1.0,,,0.0,0.0,0.0,0.0,0.0,16,6,11,3,5395,0.4068737273050462,0.75,1.0,0.8571428571428571,0.09090909090909091,0.9696969696969697,0.9166666666666665,0.35903614457831323,5395,95586066.0627198,0.7227179194996356,nuisance_q95_margin025,2181.81314404208,0.8636830619714662,0.00778498609823911,0.0,0.0,0.0,0.75,1.0
scenario_wise,49,edge_temporal_binary_v2_nuisance_aware,heldout_q99_top5,99.0,5,False,local_support_density,per_src_ip_within_window,,,nuisance_aware_boundary,,,,1.0,,,0.0,0.0,0.0,0.0,0.0,16,6,11,3,5395,0.4068737273050462,0.75,1.0,0.8571428571428571,0.09090909090909091,0.9696969696969697,0.9166666666666665,0.32363299351251157,5395,95586066.0627198,0.7227179194996356,nuisance_q95_margin050,2181.81314404208,0.8636830619714662,0.043188137164040775,0.0,0.0,0.0,0.75,1.0
scenario_wise,49,edge_temporal_binary_v2_nuisance_aware,heldout_q99_top5,99.0,5,False,combined_support_summary,per_src_ip_within_window,,,nuisance_aware_boundary,,,,1.0,0.5666666666666667,0.6333333333333333,0.0,0.0,0.0,0.0,0.0,16,6,11,3,5395,0.4068737273050462,0.75,1.0,0.8571428571428571,0.09090909090909091,0.9696969696969697,0.9166666666666665,0.35903614457831323,5395,95586066.0627198,0.7227179194996356,nuisance_q90_margin025,2181.81314404208,0.84292566366901,0.00778498609823911,0.0,0.0,0.0,0.75,1.0
scenario_wise,49,edge_temporal_binary_v2_nuisance_aware,heldout_q99_top5,99.0,5,False,combined_support_summary,per_src_ip_within_window,,,nuisance_aware_boundary,,,,1.0,0.5666666666666667,0.6333333333333333,0.0,0.0,0.0,0.0,0.0,16,6,11,3,5395,0.4068737273050462,0.75,1.0,0.8571428571428571,0.09090909090909091,0.9696969696969697,0.9166666666666665,0.35903614457831323,5395,95586066.0627198,0.7227179194996356,nuisance_q95_margin025,2181.81314404208,0.8636830619714662,0.00778498609823911,0.0,0.0,0.0,0.75,1.0
scenario_wise,49,edge_temporal_binary_v2_nuisance_aware,heldout_q99_top5,99.0,5,False,combined_support_summary,per_src_ip_within_window,,,nuisance_aware_boundary,,,,1.0,0.5666666666666667,0.6333333333333333,0.0,0.0,0.0,0.0,0.0,16,6,11,3,5395,0.4068737273050462,0.75,1.0,0.8571428571428571,0.09090909090909091,0.9696969696969697,0.9166666666666665,0.32363299351251157,5395,95586066.0627198,0.7227179194996356,nuisance_q95_margin050,2181.81314404208,0.8636830619714662,0.043188137164040775,0.0,0.0,0.0,0.75,1.0
scenario_wise,52,node_recon_baseline,heldout_q95,95.0,1,False,score_only_baseline,per_src_ip_within_window,,,,,,,,,,0.0,0.0,0.0,0.0,0.0,25,10,15,12,12577,4.18032231530791,1.0,0.25,0.4,0.0,0.6722222222222223,0.7461112961112961,0.13135087858789854,12577,8611820.904837668,0.6141361949445717,,,,,,,,,
scenario_wise,52,node_recon_baseline,heldout_q97,97.0,1,False,score_only_baseline,per_src_ip_within_window,,,,,,,,,,0.0,0.0,0.0,0.0,0.0,25,10,15,12,12577,5.280230481637437,1.0,0.25,0.4,0.0,0.6722222222222223,0.7461112961112961,0.12467202035461557,12577,8611820.904837668,0.6141361949445717,,,,,,,,,
scenario_wise,52,node_recon_baseline,heldout_q99,99.0,1,False,score_only_baseline,per_src_ip_within_window,,,,,,,,,,0.0,0.0,0.0,0.0,0.0,25,10,15,12,12577,6.3801386479669535,1.0,0.25,0.4,0.0,0.6722222222222223,0.7461112961112961,0.11831120298958415,12577,8611820.904837668,0.6141361949445717,,,,,,,,,
scenario_wise,52,edge_temporal_binary_v2,heldout_q95_top1,95.0,1,True,old_concentration,per_src_ip_within_window,,,,1.0,1.0,1.0,1.0,0.5433333333333333,0.4904166666666664,0.0,0.0,0.0,0.0,0.0,25,10,15,12,12577,1.1673665515512723,1.0,1.0,1.0,0.0,1.0,1.0,0.30150274310248865,12577,4993178.188320306,0.23705896769334162,,,,,,,,,
scenario_wise,52,edge_temporal_binary_v2,heldout_q95_top1,95.0,1,False,local_support_density,per_src_ip_within_window,,,,,,,1.0,,,0.0,0.0,0.0,0.0,0.0,25,10,15,12,12577,2.22902624992103,1.0,1.0,1.0,0.0,1.0,1.0,0.26492804325355807,12577,7293004.93732465,0.463932136635294,,,,,,,,,
scenario_wise,52,edge_temporal_binary_v2,heldout_q95_top1,95.0,1,False,combined_support_summary,per_src_ip_within_window,,,,,,,1.0,0.5433333333333333,0.4904166666666664,0.0,0.0,0.0,0.0,0.0,25,10,15,12,12577,2.22902624992103,1.0,1.0,1.0,0.0,1.0,1.0,0.28631629164347616,12577,7293004.93732465,0.463932136635294,,,,,,,,,
scenario_wise,52,edge_temporal_binary_v2,heldout_q99_top5,99.0,5,True,old_concentration,per_src_ip_within_window,,,,1.0,1.0,1.0,1.0,0.5666666666666667,0.6333333333333333,0.0,0.0,0.0,0.0,0.0,25,10,15,12,12577,1.7619954509137712,1.0,1.0,1.0,0.0,1.0,1.0,0.28671384272879064,12577,3882222.035557117,0.23679923901217642,,,,,,,,,
scenario_wise,52,edge_temporal_binary_v2,heldout_q99_top5,99.0,5,False,local_support_density,per_src_ip_within_window,,,,,,,1.0,,,0.0,0.0,0.0,0.0,0.0,25,10,15,12,12577,3.5061197549083927,1.0,1.0,1.0,0.0,1.0,1.0,0.254591715035382,12577,6182048.784561458,0.46232432263619816,,,,,,,,,
scenario_wise,52,edge_temporal_binary_v2,heldout_q99_top5,99.0,5,False,combined_support_summary,per_src_ip_within_window,,,,,,,1.0,0.5666666666666667,0.6333333333333333,0.0,0.0,0.0,0.0,0.0,25,10,15,12,12577,3.5061197549083927,1.0,1.0,1.0,0.0,1.0,1.0,0.27295857517691025,12577,6182048.784561458,0.46232432263619816,,,,,,,,,
scenario_wise,52,edge_temporal_binary_v2_nuisance_aware,heldout_q95_top1,95.0,1,True,old_concentration,per_src_ip_within_window,,,nuisance_aware_boundary,1.0,1.0,1.0,1.0,0.5433333333333333,0.4904166666666664,0.0,0.0,0.0,0.0,0.0,25,10,15,12,12577,0.4225363744280166,1.0,1.0,1.0,0.0,1.0,1.0,0.2772521268983064,12577,4993030.430265348,-0.5486409338232543,nuisance_q90_margin025,1.3014152584470629,0.8327652081435863,0.020752166653414963,0.0,0.0,0.0,1.0,1.0
scenario_wise,52,edge_temporal_binary_v2_nuisance_aware,heldout_q95_top1,95.0,1,True,old_concentration,per_src_ip_within_window,,,nuisance_aware_boundary,1.0,1.0,1.0,1.0,0.5433333333333333,0.4904166666666664,0.0,0.0,0.0,0.0,0.0,25,10,15,12,12577,0.4225363744280166,1.0,1.0,1.0,0.0,1.0,1.0,0.2772521268983064,12577,4993030.430265348,-0.5486409338232543,nuisance_q95_margin025,1.3014152584470629,0.8327741635801916,0.020752166653414963,0.0,0.0,0.0,1.0,1.0
scenario_wise,52,edge_temporal_binary_v2_nuisance_aware,heldout_q95_top1,95.0,1,True,old_concentration,per_src_ip_within_window,,,nuisance_aware_boundary,1.0,1.0,1.0,1.0,0.5433333333333333,0.4904166666666664,0.0,0.0,0.0,0.0,0.0,25,10,15,12,12577,0.4225363744280166,1.0,1.0,1.0,0.0,1.0,1.0,0.2615091039198537,12577,4993030.430265348,-0.5486409338232543,nuisance_q95_margin050,1.3014152584470629,0.8327741635801916,0.036495189631867694,0.0,0.0,0.0,1.0,1.0
scenario_wise,52,edge_temporal_binary_v2_nuisance_aware,heldout_q95_top1,95.0,1,False,local_support_density,per_src_ip_within_window,,,nuisance_aware_boundary,,,,1.0,,,0.0,0.0,0.0,0.0,0.0,25,10,15,12,12577,0.4362712729003679,1.0,1.0,1.0,0.0,1.0,1.0,0.2756619225570486,12577,7292789.000657696,-0.2758842423220388,nuisance_q90_margin025,2.4651413713959496,0.8302624098592896,0.01876441122684265,0.0,0.0,0.0,1.0,1.0
scenario_wise,52,edge_temporal_binary_v2_nuisance_aware,heldout_q95_top1,95.0,1,False,local_support_density,per_src_ip_within_window,,,nuisance_aware_boundary,,,,1.0,,,0.0,0.0,0.0,0.0,0.0,25,10,15,12,12577,0.4362712729003679,1.0,1.0,1.0,0.0,1.0,1.0,0.2756619225570486,12577,7292789.000657696,-0.2758842423220388,nuisance_q95_margin025,2.4651413713959496,0.8302715294344054,0.01876441122684265,0.0,0.0,0.0,1.0,1.0
scenario_wise,52,edge_temporal_binary_v2_nuisance_aware,heldout_q95_top1,95.0,1,False,local_support_density,per_src_ip_within_window,,,nuisance_aware_boundary,,,,1.0,,,0.0,0.0,0.0,0.0,0.0,25,10,15,12,12577,0.4362712729003679,1.0,0.5,0.6666666666666666,0.0,1.0,1.0,0.15345471893138268,12577,7292789.000657696,-0.2758842423220388,nuisance_q95_margin050,2.4651413713959496,0.8302715294344054,0.14097161485250856,0.0,0.0,0.5,1.0,1.0
scenario_wise,52,edge_temporal_binary_v2_nuisance_aware,heldout_q95_top1,95.0,1,False,combined_support_summary,per_src_ip_within_window,,,nuisance_aware_boundary,,,,1.0,0.5433333333333333,0.4904166666666664,0.0,0.0,0.0,0.0,0.0,25,10,15,12,12577,0.4362712729003679,1.0,1.0,1.0,0.0,1.0,1.0,0.2756619225570486,12577,7292789.000657696,-0.2758842423220388,nuisance_q90_margin025,2.4651413713959496,0.8302624098592896,0.01876441122684265,0.0,0.0,0.0,1.0,1.0
scenario_wise,52,edge_temporal_binary_v2_nuisance_aware,heldout_q95_top1,95.0,1,False,combined_support_summary,per_src_ip_within_window,,,nuisance_aware_boundary,,,,1.0,0.5433333333333333,0.4904166666666664,0.0,0.0,0.0,0.0,0.0,25,10,15,12,12577,0.4362712729003679,1.0,1.0,1.0,0.0,1.0,1.0,0.2756619225570486,12577,7292789.000657696,-0.2758842423220388,nuisance_q95_margin025,2.4651413713959496,0.8302715294344054,0.01876441122684265,0.0,0.0,0.0,1.0,1.0
scenario_wise,52,edge_temporal_binary_v2_nuisance_aware,heldout_q95_top1,95.0,1,False,combined_support_summary,per_src_ip_within_window,,,nuisance_aware_boundary,,,,1.0,0.5433333333333333,0.4904166666666664,0.0,0.0,0.0,0.0,0.0,25,10,15,12,12577,0.4362712729003679,1.0,0.5,0.6666666666666666,0.0,1.0,1.0,0.15345471893138268,12577,7292789.000657696,-0.2758842423220388,nuisance_q95_margin050,2.4651413713959496,0.8302715294344054,0.14097161485250856,0.0,0.0,0.5,1.0,1.0
scenario_wise,52,edge_temporal_binary_v2_nuisance_aware,heldout_q99_top5,99.0,5,True,old_concentration,per_src_ip_within_window,,,nuisance_aware_boundary,1.0,1.0,1.0,1.0,0.5666666666666667,0.6333333333333333,0.0,0.0,0.0,0.0,0.0,25,10,15,12,12577,0.4210854085610477,1.0,1.0,1.0,0.0,1.0,1.0,0.27621849407648885,12577,3882102.9925858397,-0.5486814706120493,nuisance_q90_margin025,1.2888884502242892,0.8317300418090666,0.020195595133974717,0.0,0.0,0.0,1.0,1.0
scenario_wise,52,edge_temporal_binary_v2_nuisance_aware,heldout_q99_top5,99.0,5,True,old_concentration,per_src_ip_within_window,,,nuisance_aware_boundary,1.0,1.0,1.0,1.0,0.5666666666666667,0.6333333333333333,0.0,0.0,0.0,0.0,0.0,25,10,15,12,12577,0.4210854085610477,1.0,1.0,1.0,0.0,1.0,1.0,0.27621849407648885,12577,3882102.9925858397,-0.5486814706120493,nuisance_q95_margin025,1.2888884502242892,0.8317391237046835,0.020195595133974717,0.0,0.0,0.0,1.0,1.0
scenario_wise,52,edge_temporal_binary_v2_nuisance_aware,heldout_q99_top5,99.0,5,True,old_concentration,per_src_ip_within_window,,,nuisance_aware_boundary,1.0,1.0,1.0,1.0,0.5666666666666667,0.6333333333333333,0.0,0.0,0.0,0.0,0.0,25,10,15,12,12577,0.4210854085610477,1.0,1.0,1.0,0.0,1.0,1.0,0.26715432933131905,12577,3882102.9925858397,-0.5486814706120493,nuisance_q95_margin050,1.2888884502242892,0.8317391237046835,0.02925975987914447,0.0,0.0,0.0,1.0,1.0
scenario_wise,52,edge_temporal_binary_v2_nuisance_aware,heldout_q99_top5,99.0,5,False,local_support_density,per_src_ip_within_window,,,nuisance_aware_boundary,,,,1.0,,,0.0,0.0,0.0,0.0,0.0,25,10,15,12,12577,0.4337564556041309,1.0,1.0,1.0,0.0,1.0,1.0,0.27486682038641963,12577,6181861.560327728,-0.27942865880186085,nuisance_q90_margin025,2.452614563173176,0.8313289901065006,0.018605390792716864,0.0,0.0,0.0,1.0,1.0
scenario_wise,52,edge_temporal_binary_v2_nuisance_aware,heldout_q99_top5,99.0,5,False,local_support_density,per_src_ip_within_window,,,nuisance_aware_boundary,,,,1.0,,,0.0,0.0,0.0,0.0,0.0,25,10,15,12,12577,0.4337564556041309,1.0,1.0,1.0,0.0,1.0,1.0,0.27486682038641963,12577,6181861.560327728,-0.27942865880186085,nuisance_q95_margin025,2.452614563173176,0.8313388202489587,0.018605390792716864,0.0,0.0,0.0,1.0,1.0
scenario_wise,52,edge_temporal_binary_v2_nuisance_aware,heldout_q99_top5,99.0,5,False,local_support_density,per_src_ip_within_window,,,nuisance_aware_boundary,,,,1.0,,,0.0,0.0,0.0,0.0,0.0,25,10,15,12,12577,0.4337564556041309,1.0,1.0,1.0,0.0,1.0,1.0,0.23876918183986642,12577,6181861.560327728,-0.27942865880186085,nuisance_q95_margin050,2.452614563173176,0.8313388202489587,0.0547030293392701,0.0,0.0,0.0,1.0,1.0
scenario_wise,52,edge_temporal_binary_v2_nuisance_aware,heldout_q99_top5,99.0,5,False,combined_support_summary,per_src_ip_within_window,,,nuisance_aware_boundary,,,,1.0,0.5666666666666667,0.6333333333333333,0.0,0.0,0.0,0.0,0.0,25,10,15,12,12577,0.4337564556041309,1.0,1.0,1.0,0.0,1.0,1.0,0.27486682038641963,12577,6181861.560327728,-0.27942865880186085,nuisance_q90_margin025,2.452614563173176,0.8313289901065006,0.018605390792716864,0.0,0.0,0.0,1.0,1.0
scenario_wise,52,edge_temporal_binary_v2_nuisance_aware,heldout_q99_top5,99.0,5,False,combined_support_summary,per_src_ip_within_window,,,nuisance_aware_boundary,,,,1.0,0.5666666666666667,0.6333333333333333,0.0,0.0,0.0,0.0,0.0,25,10,15,12,12577,0.4337564556041309,1.0,1.0,1.0,0.0,1.0,1.0,0.27486682038641963,12577,6181861.560327728,-0.27942865880186085,nuisance_q95_margin025,2.452614563173176,0.8313388202489587,0.018605390792716864,0.0,0.0,0.0,1.0,1.0
scenario_wise,52,edge_temporal_binary_v2_nuisance_aware,heldout_q99_top5,99.0,5,False,combined_support_summary,per_src_ip_within_window,,,nuisance_aware_boundary,,,,1.0,0.5666666666666667,0.6333333333333333,0.0,0.0,0.0,0.0,0.0,25,10,15,12,12577,0.4337564556041309,1.0,1.0,1.0,0.0,1.0,1.0,0.23876918183986642,12577,6181861.560327728,-0.27942865880186085,nuisance_q95_margin050,2.452614563173176,0.8313388202489587,0.0547030293392701,0.0,0.0,0.0,1.0,1.0
merged,merged_48_49_52,node_recon_baseline,heldout_q95,95.0,1,False,score_only_baseline,per_src_ip_within_window,,,,,,,,,,0.0,0.0,0.0,0.0,0.0,54,21,34,17,22143,22.081658418395328,0.75,0.17647058823529413,0.2857142857142857,0.029411764705882353,0.615916955017301,0.555547281026767,0.07212211534119135,22143,3881887.104869742,0.572994899220518,,,,,,,,,
merged,merged_48_49_52,node_recon_baseline,heldout_q97,97.0,1,False,score_only_baseline,per_src_ip_within_window,,,,,,,,,,0.0,0.0,0.0,0.0,0.0,54,21,34,17,22143,23.333919901339893,0.75,0.17647058823529413,0.2857142857142857,0.029411764705882353,0.615916955017301,0.555547281026767,0.071309217359888,22143,3881887.104869742,0.572994899220518,,,,,,,,,
merged,merged_48_49_52,node_recon_baseline,heldout_q99,99.0,1,False,score_only_baseline,per_src_ip_within_window,,,,,,,,,,0.0,0.0,0.0,0.0,0.0,54,21,34,17,22143,24.58618138428447,0.75,0.17647058823529413,0.2857142857142857,0.029411764705882353,0.615916955017301,0.555547281026767,0.07036083638170076,22143,3881887.104869742,0.572994899220518,,,,,,,,,
merged,merged_48_49_52,edge_temporal_binary_v2,heldout_q95_top1,95.0,1,True,old_concentration,per_src_ip_within_window,,,,1.0,1.0,1.0,1.0,0.5666666666666667,0.6333333333333333,0.0,0.0,0.0,0.0,0.0,54,21,34,17,22143,166.91005497075432,0.9411764705882353,0.9411764705882353,0.9411764705882353,0.029411764705882353,0.9463667820069204,0.9355323457452329,0.31292056180282707,22143,6343798.927786496,0.28628887422903565,,,,,,,,,
merged,merged_48_49_52,edge_temporal_binary_v2,heldout_q95_top1,95.0,1,False,local_support_density,per_src_ip_within_window,,,,,,,1.0,,,0.0,0.0,0.0,0.0,0.0,54,21,34,17,22143,274.55538841273363,0.9411764705882353,0.9411764705882353,0.9411764705882353,0.029411764705882353,0.9463667820069204,0.9355323457452329,0.28442397145824866,22143,9362785.585468097,0.5361835192454217,,,,,,,,,
merged,merged_48_49_52,edge_temporal_binary_v2,heldout_q95_top1,95.0,1,False,combined_support_summary,per_src_ip_within_window,,,,,,,1.0,0.5666666666666667,0.6333333333333333,0.0,0.0,0.0,0.0,0.0,54,21,34,17,22143,274.55538841273363,0.9411764705882353,0.9411764705882353,0.9411764705882353,0.029411764705882353,0.9463667820069204,0.9355323457452329,0.2998690331030122,22143,9362785.585468097,0.5361835192454217,,,,,,,,,
merged,merged_48_49_52,edge_temporal_binary_v2,heldout_q99_top5,99.0,5,True,old_concentration,per_src_ip_within_window,,,,1.0,1.0,1.0,1.0,0.5666666666666667,0.6333333333333333,0.0,0.0,0.0,0.0,0.0,54,21,34,17,22143,3216497.12946784,1.0,0.5294117647058824,0.6923076923076923,0.0,0.9463667820069204,0.9355323457452329,0.1652892561983471,22143,5189185.663789936,0.2856981817479709,,,,,,,,,
merged,merged_48_49_52,edge_temporal_binary_v2,heldout_q99_top5,99.0,5,False,local_support_density,per_src_ip_within_window,,,,,,,1.0,,,0.0,0.0,0.0,0.0,0.0,54,21,34,17,22143,6432994.25893568,1.0,0.5294117647058824,0.6923076923076923,0.0,0.9498269896193772,0.9367831274838195,0.14054102876755634,22143,8208172.3214715365,0.5082365522813852,,,,,,,,,
merged,merged_48_49_52,edge_temporal_binary_v2,heldout_q99_top5,99.0,5,False,combined_support_summary,per_src_ip_within_window,,,,,,,1.0,0.5666666666666667,0.6333333333333333,0.0,0.0,0.0,0.0,0.0,54,21,34,17,22143,6432994.25893568,1.0,0.5294117647058824,0.6923076923076923,0.0,0.9498269896193772,0.9367831274838195,0.14934742356500927,22143,8208172.3214715365,0.5082365522813852,,,,,,,,,
merged,merged_48_49_52,edge_temporal_binary_v2_nuisance_aware,heldout_q95_top1,95.0,1,True,old_concentration,per_src_ip_within_window,,,nuisance_aware_boundary,1.0,1.0,1.0,1.0,0.5666666666666667,0.6333333333333333,0.0,0.0,0.0,0.0,0.0,54,21,34,17,22143,0.3615,0.9411764705882353,0.9411764705882353,0.9411764705882353,0.029411764705882353,0.9740484429065743,0.9511421018427939,0.303481913019916,22143,6343752.260272184,-0.5520534246438296,nuisance_q90_margin025,166.85868357043964,0.8235185991941669,0.009438648782911079,0.0,0.0,0.0,0.9411764705882353,1.0
merged,merged_48_49_52,edge_temporal_binary_v2_nuisance_aware,heldout_q95_top1,95.0,1,True,old_concentration,per_src_ip_within_window,,,nuisance_aware_boundary,1.0,1.0,1.0,1.0,0.5666666666666667,0.6333333333333333,0.0,0.0,0.0,0.0,0.0,54,21,34,17,22143,0.3615,0.9411764705882353,0.9411764705882353,0.9411764705882353,0.029411764705882353,0.9740484429065743,0.9511421018427939,0.303481913019916,22143,6343752.260272184,-0.5520534246438296,nuisance_q95_margin025,166.85868357043964,0.8304463093297874,0.009438648782911079,0.0,0.0,0.0,0.9411764705882353,1.0
merged,merged_48_49_52,edge_temporal_binary_v2_nuisance_aware,heldout_q95_top1,95.0,1,True,old_concentration,per_src_ip_within_window,,,nuisance_aware_boundary,1.0,1.0,1.0,1.0,0.5666666666666667,0.6333333333333333,0.0,0.0,0.0,0.0,0.0,54,21,34,17,22143,0.3615,0.9411764705882353,0.9411764705882353,0.9411764705882353,0.029411764705882353,0.9740484429065743,0.9511421018427939,0.2979271101476765,22143,6343752.260272184,-0.5520534246438296,nuisance_q95_margin050,166.85868357043964,0.8304463093297874,0.014993451655150612,0.0,0.0,0.0,0.9411764705882353,1.0
merged,merged_48_49_52,edge_temporal_binary_v2_nuisance_aware,heldout_q95_top1,95.0,1,False,local_support_density,per_src_ip_within_window,,,nuisance_aware_boundary,,,,1.0,,,0.0,0.0,0.0,0.0,0.0,54,21,34,17,22143,0.3615,0.9411764705882353,0.9411764705882353,0.9411764705882353,0.029411764705882353,0.9757785467128028,0.9528087685094606,0.30443029399810323,22143,9362716.426535819,-0.29089385478844965,nuisance_q90_margin025,274.64998857621157,0.8207677305934823,0.009754775775640157,0.0,0.0,0.0,0.9411764705882353,1.0
merged,merged_48_49_52,edge_temporal_binary_v2_nuisance_aware,heldout_q95_top1,95.0,1,False,local_support_density,per_src_ip_within_window,,,nuisance_aware_boundary,,,,1.0,,,0.0,0.0,0.0,0.0,0.0,54,21,34,17,22143,0.3615,0.9411764705882353,0.9411764705882353,0.9411764705882353,0.029411764705882353,0.9757785467128028,0.9528087685094606,0.30443029399810323,22143,9362716.426535819,-0.29089385478844965,nuisance_q95_margin025,274.64998857621157,0.8278012806979407,0.009754775775640157,0.0,0.0,0.0,0.9411764705882353,1.0
merged,merged_48_49_52,edge_temporal_binary_v2_nuisance_aware,heldout_q95_top1,95.0,1,False,local_support_density,per_src_ip_within_window,,,nuisance_aware_boundary,,,,1.0,,,0.0,0.0,0.0,0.0,0.0,54,21,34,17,22143,0.3615,0.9411764705882353,0.9411764705882353,0.9411764705882353,0.029411764705882353,0.9757785467128028,0.9528087685094606,0.30099805807704466,22143,9362716.426535819,-0.29089385478844965,nuisance_q95_margin050,274.64998857621157,0.8278012806979407,0.01318701169669873,0.0,0.0,0.0,0.9411764705882353,1.0
merged,merged_48_49_52,edge_temporal_binary_v2_nuisance_aware,heldout_q95_top1,95.0,1,False,combined_support_summary,per_src_ip_within_window,,,nuisance_aware_boundary,,,,1.0,0.5666666666666667,0.6333333333333333,0.0,0.0,0.0,0.0,0.0,54,21,34,17,22143,0.3615,0.9411764705882353,0.9411764705882353,0.9411764705882353,0.029411764705882353,0.9757785467128028,0.9528087685094606,0.30443029399810323,22143,9362716.426535819,-0.29089385478844965,nuisance_q90_margin025,274.64998857621157,0.8207677305934823,0.009754775775640157,0.0,0.0,0.0,0.9411764705882353,1.0
merged,merged_48_49_52,edge_temporal_binary_v2_nuisance_aware,heldout_q95_top1,95.0,1,False,combined_support_summary,per_src_ip_within_window,,,nuisance_aware_boundary,,,,1.0,0.5666666666666667,0.6333333333333333,0.0,0.0,0.0,0.0,0.0,54,21,34,17,22143,0.3615,0.9411764705882353,0.9411764705882353,0.9411764705882353,0.029411764705882353,0.9757785467128028,0.9528087685094606,0.30443029399810323,22143,9362716.426535819,-0.29089385478844965,nuisance_q95_margin025,274.64998857621157,0.8278012806979407,0.009754775775640157,0.0,0.0,0.0,0.9411764705882353,1.0
merged,merged_48_49_52,edge_temporal_binary_v2_nuisance_aware,heldout_q95_top1,95.0,1,False,combined_support_summary,per_src_ip_within_window,,,nuisance_aware_boundary,,,,1.0,0.5666666666666667,0.6333333333333333,0.0,0.0,0.0,0.0,0.0,54,21,34,17,22143,0.3615,0.9411764705882353,0.9411764705882353,0.9411764705882353,0.029411764705882353,0.9757785467128028,0.9528087685094606,0.30099805807704466,22143,9362716.426535819,-0.29089385478844965,nuisance_q95_margin050,274.64998857621157,0.8278012806979407,0.01318701169669873,0.0,0.0,0.0,0.9411764705882353,1.0
merged,merged_48_49_52,edge_temporal_binary_v2_nuisance_aware,heldout_q99_top5,99.0,5,True,old_concentration,per_src_ip_within_window,,,nuisance_aware_boundary,1.0,1.0,1.0,1.0,0.5666666666666667,0.6333333333333333,0.0,0.0,0.0,0.0,0.0,54,21,34,17,22143,0.3533324984520066,0.9411764705882353,0.9411764705882353,0.9411764705882353,0.029411764705882353,0.9740484429065743,0.9511421018427939,0.3045657769949871,22143,5189146.28126232,-0.5517150133410538,nuisance_q90_margin025,137.32499428810578,0.8230706025142094,0.009935419771485345,0.0,0.0,0.0,0.9411764705882353,1.0
merged,merged_48_49_52,edge_temporal_binary_v2_nuisance_aware,heldout_q99_top5,99.0,5,True,old_concentration,per_src_ip_within_window,,,nuisance_aware_boundary,1.0,1.0,1.0,1.0,0.5666666666666667,0.6333333333333333,0.0,0.0,0.0,0.0,0.0,54,21,34,17,22143,0.3533324984520066,0.9411764705882353,0.9411764705882353,0.9411764705882353,0.029411764705882353,0.9740484429065743,0.9511421018427939,0.3045657769949871,22143,5189146.28126232,-0.5517150133410538,nuisance_q95_margin025,137.32499428810578,0.8300752075554177,0.009935419771485345,0.0,0.0,0.0,0.9411764705882353,1.0
merged,merged_48_49_52,edge_temporal_binary_v2_nuisance_aware,heldout_q99_top5,99.0,5,True,old_concentration,per_src_ip_within_window,,,nuisance_aware_boundary,1.0,1.0,1.0,1.0,0.5666666666666667,0.6333333333333333,0.0,0.0,0.0,0.0,0.0,54,21,34,17,22143,0.3533324984520066,0.9411764705882353,0.9411764705882353,0.9411764705882353,0.029411764705882353,0.9740484429065743,0.9511421018427939,0.3009077360791221,22143,5189146.28126232,-0.5517150133410538,nuisance_q95_margin050,137.32499428810578,0.8300752075554177,0.013593460687350404,0.0,0.0,0.0,0.9411764705882353,1.0
merged,merged_48_49_52,edge_temporal_binary_v2_nuisance_aware,heldout_q99_top5,99.0,5,False,local_support_density,per_src_ip_within_window,,,nuisance_aware_boundary,,,,1.0,,,0.0,0.0,0.0,0.0,0.0,54,21,34,17,22143,0.3533324984520066,0.9411764705882353,0.9411764705882353,0.9411764705882353,0.029411764705882353,0.9775086505190311,0.9546203627123592,0.3038432010116064,22143,8208110.445189517,-0.3005170363998242,nuisance_q90_margin025,274.64998857621157,0.8221857841761291,0.008987038793298107,0.0,0.0,0.0,0.9411764705882353,1.0
merged,merged_48_49_52,edge_temporal_binary_v2_nuisance_aware,heldout_q99_top5,99.0,5,False,local_support_density,per_src_ip_within_window,,,nuisance_aware_boundary,,,,1.0,,,0.0,0.0,0.0,0.0,0.0,54,21,34,17,22143,0.3533324984520066,0.9411764705882353,0.9411764705882353,0.9411764705882353,0.029411764705882353,0.9775086505190311,0.9546203627123592,0.3038432010116064,22143,8208110.445189517,-0.3005170363998242,nuisance_q95_margin025,274.64998857621157,0.8292730252312944,0.008987038793298107,0.0,0.0,0.0,0.9411764705882353,1.0
merged,merged_48_49_52,edge_temporal_binary_v2_nuisance_aware,heldout_q99_top5,99.0,5,False,local_support_density,per_src_ip_within_window,,,nuisance_aware_boundary,,,,1.0,,,0.0,0.0,0.0,0.0,0.0,54,21,34,17,22143,0.3533324984520066,0.9411764705882353,0.9411764705882353,0.9411764705882353,0.029411764705882353,0.9775086505190311,0.9546203627123592,0.30009483809781873,22143,8208110.445189517,-0.3005170363998242,nuisance_q95_margin050,274.64998857621157,0.8292730252312944,0.01273540170708576,0.0,0.0,0.0,0.9411764705882353,1.0
merged,merged_48_49_52,edge_temporal_binary_v2_nuisance_aware,heldout_q99_top5,99.0,5,False,combined_support_summary,per_src_ip_within_window,,,nuisance_aware_boundary,,,,1.0,0.5666666666666667,0.6333333333333333,0.0,0.0,0.0,0.0,0.0,54,21,34,17,22143,0.3533324984520066,0.9411764705882353,0.9411764705882353,0.9411764705882353,0.029411764705882353,0.9775086505190311,0.9546203627123592,0.3038432010116064,22143,8208110.445189517,-0.3005170363998242,nuisance_q90_margin025,274.64998857621157,0.8221857841761291,0.008987038793298107,0.0,0.0,0.0,0.9411764705882353,1.0
merged,merged_48_49_52,edge_temporal_binary_v2_nuisance_aware,heldout_q99_top5,99.0,5,False,combined_support_summary,per_src_ip_within_window,,,nuisance_aware_boundary,,,,1.0,0.5666666666666667,0.6333333333333333,0.0,0.0,0.0,0.0,0.0,54,21,34,17,22143,0.3533324984520066,0.9411764705882353,0.9411764705882353,0.9411764705882353,0.029411764705882353,0.9775086505190311,0.9546203627123592,0.3038432010116064,22143,8208110.445189517,-0.3005170363998242,nuisance_q95_margin025,274.64998857621157,0.8292730252312944,0.008987038793298107,0.0,0.0,0.0,0.9411764705882353,1.0
merged,merged_48_49_52,edge_temporal_binary_v2_nuisance_aware,heldout_q99_top5,99.0,5,False,combined_support_summary,per_src_ip_within_window,,,nuisance_aware_boundary,,,,1.0,0.5666666666666667,0.6333333333333333,0.0,0.0,0.0,0.0,0.0,54,21,34,17,22143,0.3533324984520066,0.9411764705882353,0.9411764705882353,0.9411764705882353,0.029411764705882353,0.9775086505190311,0.9546203627123592,0.30009483809781873,22143,8208110.445189517,-0.3005170363998242,nuisance_q95_margin050,274.64998857621157,0.8292730252312944,0.01273540170708576,0.0,0.0,0.0,0.9411764705882353,1.0
