evaluation_mode,scenario_id,model_name,calibration_profile,percentile_setting,top_k_setting,suppression_enabled,support_summary_mode,nuisance_boundary_mode,extraction_mode,region_proposal_mode,verifier_mode,final_decision_mode,concentration_threshold_setting,component_ratio_setting,neighborhood_ratio_setting,local_density_threshold,neighborhood_persistence_threshold,temporal_consistency_threshold,benign_boundary_value,nuisance_boundary_value,candidate_region_count_mean,selected_region_count_mean,selected_region_coverage_mean,single_edge_region_ratio,mean_candidate_time_span,train_benign_graphs,calib_benign_graphs,test_benign_graphs,test_malicious_graphs,test_unknown_graphs,threshold,precision,recall,f1,fpr,roc_auc,pr_auc,background_hit_ratio,unknown_count,unknown_score_mean,unknown_score_median,nuisance_rejection_rate,nuisance_like_false_positive_rate,benign_misrejected_as_nuisance_rate,malicious_blocked_by_nuisance_rate,malicious_like_episode_precision,episode_to_graph_decision_consistency
scenario_wise,48,edge_temporal_binary_v2_nuisance_aware,heldout_q95_top1,95.0,1,True,old_concentration,nuisance_q90_margin025,per_src_ip_within_window,,,nuisance_aware_boundary,1.0,1.0,1.0,1.0,0.5266666666666666,0.3883333333333333,2924074.9607453225,0.8139053125346257,0.0,0.0,0.0,0.0,0.0,13,5,8,2,4171,0.3675999609323407,1.0,0.5,0.6666666666666666,0.0,0.625,0.625,0.17573723327739152,4171,7440466.197500839,-0.5695205562511642,0.007672021098058019,0.0,0.0,0.0,1.0,1.0
scenario_wise,48,edge_temporal_binary_v2_nuisance_aware,heldout_q95_top1,95.0,1,True,old_concentration,nuisance_q95_margin025,per_src_ip_within_window,,,nuisance_aware_boundary,1.0,1.0,1.0,1.0,0.5266666666666666,0.3883333333333333,2924074.9607453225,0.8144991704797558,0.0,0.0,0.0,0.0,0.0,13,5,8,2,4171,0.3675999609323407,1.0,0.5,0.6666666666666666,0.0,0.625,0.625,0.17573723327739152,4171,7440466.197500839,-0.5695205562511642,0.007672021098058019,0.0,0.0,0.0,1.0,1.0
scenario_wise,48,edge_temporal_binary_v2_nuisance_aware,heldout_q95_top1,95.0,1,True,old_concentration,nuisance_q95_margin050,per_src_ip_within_window,,,nuisance_aware_boundary,1.0,1.0,1.0,1.0,0.5266666666666666,0.3883333333333333,2924074.9607453225,0.8144991704797558,0.0,0.0,0.0,0.0,0.0,13,5,8,2,4171,0.3675999609323407,1.0,0.5,0.6666666666666666,0.0,0.625,0.625,0.17142172140973388,4171,7440466.197500839,-0.5695205562511642,0.011987532965715655,0.0,0.0,0.0,1.0,1.0
scenario_wise,48,edge_temporal_binary_v2_nuisance_aware,heldout_q95_top1,95.0,1,False,local_support_density,nuisance_q90_margin025,per_src_ip_within_window,,,nuisance_aware_boundary,,,,1.0,,,5848149.506084229,0.8115435544367913,0.0,0.0,0.0,0.0,0.0,13,5,8,2,4171,0.367599980466169,1.0,0.5,0.6666666666666666,0.0,0.625,0.625,0.17405897866219133,4171,11074241.698539967,-0.32557618398982546,0.007192519779429393,0.0,0.0,0.0,1.0,1.0
scenario_wise,48,edge_temporal_binary_v2_nuisance_aware,heldout_q95_top1,95.0,1,False,local_support_density,nuisance_q95_margin025,per_src_ip_within_window,,,nuisance_aware_boundary,,,,1.0,,,5848149.506084229,0.8118571684575855,0.0,0.0,0.0,0.0,0.0,13,5,8,2,4171,0.367599980466169,1.0,0.5,0.6666666666666666,0.0,0.625,0.625,0.17405897866219133,4171,11074241.698539967,-0.32557618398982546,0.007192519779429393,0.0,0.0,0.0,1.0,1.0
scenario_wise,48,edge_temporal_binary_v2_nuisance_aware,heldout_q95_top1,95.0,1,False,local_support_density,nuisance_q95_margin050,per_src_ip_within_window,,,nuisance_aware_boundary,,,,1.0,,,5848149.506084229,0.8118571684575855,0.0,0.0,0.0,0.0,0.0,13,5,8,2,4171,0.367599980466169,1.0,0.5,0.6666666666666666,0.0,0.625,0.625,0.16806521217933348,4171,11074241.698539967,-0.32557618398982546,0.013186286262287222,0.0,0.0,0.0,1.0,1.0
scenario_wise,48,edge_temporal_binary_v2_nuisance_aware,heldout_q95_top1,95.0,1,False,combined_support_summary,nuisance_q90_margin025,per_src_ip_within_window,,,nuisance_aware_boundary,,,,1.0,0.5266666666666666,0.3883333333333333,5848149.506084229,0.8115435544367913,0.0,0.0,0.0,0.0,0.0,13,5,8,2,4171,0.367599980466169,1.0,0.5,0.6666666666666666,0.0,0.625,0.625,0.17405897866219133,4171,11074241.698539967,-0.32557618398982546,0.007192519779429393,0.0,0.0,0.0,1.0,1.0
scenario_wise,48,edge_temporal_binary_v2_nuisance_aware,heldout_q95_top1,95.0,1,False,combined_support_summary,nuisance_q95_margin025,per_src_ip_within_window,,,nuisance_aware_boundary,,,,1.0,0.5266666666666666,0.3883333333333333,5848149.506084229,0.8118571684575855,0.0,0.0,0.0,0.0,0.0,13,5,8,2,4171,0.367599980466169,1.0,0.5,0.6666666666666666,0.0,0.625,0.625,0.17405897866219133,4171,11074241.698539967,-0.32557618398982546,0.007192519779429393,0.0,0.0,0.0,1.0,1.0
scenario_wise,48,edge_temporal_binary_v2_nuisance_aware,heldout_q95_top1,95.0,1,False,combined_support_summary,nuisance_q95_margin050,per_src_ip_within_window,,,nuisance_aware_boundary,,,,1.0,0.5266666666666666,0.3883333333333333,5848149.506084229,0.8118571684575855,0.0,0.0,0.0,0.0,0.0,13,5,8,2,4171,0.367599980466169,1.0,0.5,0.6666666666666666,0.0,0.625,0.625,0.16806521217933348,4171,11074241.698539967,-0.32557618398982546,0.013186286262287222,0.0,0.0,0.0,1.0,1.0
scenario_wise,48,edge_temporal_binary_v2_nuisance_aware,heldout_q99_top5,99.0,5,True,old_concentration,nuisance_q90_margin025,per_src_ip_within_window,,,nuisance_aware_boundary,1.0,1.0,1.0,1.0,0.5373333333333333,0.45366666666666666,2924074.898544359,0.8142353933313574,0.0,0.0,0.0,0.0,0.0,13,5,8,2,4171,0.3661398747099702,1.0,0.5,0.6666666666666666,0.0,0.625,0.625,0.173819228002877,4171,6298094.134695046,-0.5699366238211108,0.008151522416686647,0.0,0.0,0.0,1.0,1.0
scenario_wise,48,edge_temporal_binary_v2_nuisance_aware,heldout_q99_top5,99.0,5,True,old_concentration,nuisance_q95_margin025,per_src_ip_within_window,,,nuisance_aware_boundary,1.0,1.0,1.0,1.0,0.5373333333333333,0.45366666666666666,2924074.898544359,0.8145434162591624,0.0,0.0,0.0,0.0,0.0,13,5,8,2,4171,0.3661398747099702,1.0,0.5,0.6666666666666666,0.0,0.625,0.625,0.173819228002877,4171,6298094.134695046,-0.5699366238211108,0.008151522416686647,0.0,0.0,0.0,1.0,1.0
scenario_wise,48,edge_temporal_binary_v2_nuisance_aware,heldout_q99_top5,99.0,5,True,old_concentration,nuisance_q95_margin050,per_src_ip_within_window,,,nuisance_aware_boundary,1.0,1.0,1.0,1.0,0.5373333333333333,0.45366666666666666,2924074.898544359,0.8145434162591624,0.0,0.0,0.0,0.0,0.0,13,5,8,2,4171,0.3661398747099702,1.0,0.5,0.6666666666666666,0.0,0.625,0.625,0.16902421481659075,4171,6298094.134695046,-0.5699366238211108,0.012946535602972908,0.0,0.0,0.0,1.0,1.0
scenario_wise,48,edge_temporal_binary_v2_nuisance_aware,heldout_q99_top5,99.0,5,False,local_support_density,nuisance_q90_margin025,per_src_ip_within_window,,,nuisance_aware_boundary,,,,1.0,,,5848149.443883265,0.8134884757203644,0.0,0.0,0.0,0.0,0.0,13,5,8,2,4171,0.36613989131889735,1.0,0.5,0.6666666666666666,0.0,0.6875,0.6428571428571428,0.16734596020139056,4171,9931869.63363362,-0.328021409980756,0.011987532965715655,0.0,0.0,0.0,1.0,1.0
scenario_wise,48,edge_temporal_binary_v2_nuisance_aware,heldout_q99_top5,99.0,5,False,local_support_density,nuisance_q95_margin025,per_src_ip_within_window,,,nuisance_aware_boundary,,,,1.0,,,5848149.443883265,0.8138194798014862,0.0,0.0,0.0,0.0,0.0,13,5,8,2,4171,0.36613989131889735,1.0,0.5,0.6666666666666666,0.0,0.6875,0.6428571428571428,0.16734596020139056,4171,9931869.63363362,-0.328021409980756,0.011987532965715655,0.0,0.0,0.0,1.0,1.0
scenario_wise,48,edge_temporal_binary_v2_nuisance_aware,heldout_q99_top5,99.0,5,False,local_support_density,nuisance_q95_margin050,per_src_ip_within_window,,,nuisance_aware_boundary,,,,1.0,,,5848149.443883265,0.8138194798014862,0.0,0.0,0.0,0.0,0.0,13,5,8,2,4171,0.36613989131889735,1.0,0.5,0.6666666666666666,0.0,0.6875,0.6428571428571428,0.16207144569647566,4171,9931869.63363362,-0.328021409980756,0.017262047470630544,0.0,0.0,0.0,1.0,1.0
scenario_wise,48,edge_temporal_binary_v2_nuisance_aware,heldout_q99_top5,99.0,5,False,combined_support_summary,nuisance_q90_margin025,per_src_ip_within_window,,,nuisance_aware_boundary,,,,1.0,0.5373333333333333,0.45366666666666666,5848149.443883265,0.8134884757203644,0.0,0.0,0.0,0.0,0.0,13,5,8,2,4171,0.36613989131889735,1.0,0.5,0.6666666666666666,0.0,0.6875,0.6428571428571428,0.16734596020139056,4171,9931869.63363362,-0.328021409980756,0.011987532965715655,0.0,0.0,0.0,1.0,1.0
scenario_wise,48,edge_temporal_binary_v2_nuisance_aware,heldout_q99_top5,99.0,5,False,combined_support_summary,nuisance_q95_margin025,per_src_ip_within_window,,,nuisance_aware_boundary,,,,1.0,0.5373333333333333,0.45366666666666666,5848149.443883265,0.8138194798014862,0.0,0.0,0.0,0.0,0.0,13,5,8,2,4171,0.36613989131889735,1.0,0.5,0.6666666666666666,0.0,0.6875,0.6428571428571428,0.16734596020139056,4171,9931869.63363362,-0.328021409980756,0.011987532965715655,0.0,0.0,0.0,1.0,1.0
scenario_wise,48,edge_temporal_binary_v2_nuisance_aware,heldout_q99_top5,99.0,5,False,combined_support_summary,nuisance_q95_margin050,per_src_ip_within_window,,,nuisance_aware_boundary,,,,1.0,0.5373333333333333,0.45366666666666666,5848149.443883265,0.8138194798014862,0.0,0.0,0.0,0.0,0.0,13,5,8,2,4171,0.36613989131889735,1.0,0.5,0.6666666666666666,0.0,0.6875,0.6428571428571428,0.16207144569647566,4171,9931869.63363362,-0.328021409980756,0.017262047470630544,0.0,0.0,0.0,1.0,1.0
scenario_wise,49,edge_temporal_binary_v2_nuisance_aware,heldout_q95_top1,95.0,1,True,old_concentration,nuisance_q90_margin025,per_src_ip_within_window,,,nuisance_aware_boundary,1.0,1.0,1.0,1.0,0.5666666666666667,0.6333333333333333,6521.54820896811,0.8441604879134088,0.0,0.0,0.0,0.0,0.0,16,6,11,3,5395,0.43014098837034487,0.75,1.0,0.8571428571428571,0.09090909090909091,0.9696969696969697,0.9166666666666665,0.32696941612604263,5395,64943821.88497475,-0.04276217769650403,0.016682113067655237,0.0,0.0,0.0,0.75,1.0
scenario_wise,49,edge_temporal_binary_v2_nuisance_aware,heldout_q95_top1,95.0,1,True,old_concentration,nuisance_q95_margin025,per_src_ip_within_window,,,nuisance_aware_boundary,1.0,1.0,1.0,1.0,0.5666666666666667,0.6333333333333333,6521.54820896811,0.8617989261499616,0.0,0.0,0.0,0.0,0.0,16,6,11,3,5395,0.43014098837034487,0.75,1.0,0.8571428571428571,0.09090909090909091,0.9696969696969697,0.9166666666666665,0.32696941612604263,5395,64943821.88497475,-0.04276217769650403,0.016682113067655237,0.0,0.0,0.0,0.75,1.0
scenario_wise,49,edge_temporal_binary_v2_nuisance_aware,heldout_q95_top1,95.0,1,True,old_concentration,nuisance_q95_margin050,per_src_ip_within_window,,,nuisance_aware_boundary,1.0,1.0,1.0,1.0,0.5666666666666667,0.6333333333333333,6521.54820896811,0.8617989261499616,0.0,0.0,0.0,0.0,0.0,16,6,11,3,5395,0.43014098837034487,1.0,0.6666666666666666,0.8,0.0,0.9696969696969697,0.9166666666666665,0.20648748841519926,5395,64943821.88497475,-0.04276217769650403,0.1371640407784986,0.09090909090909091,0.09090909090909091,0.3333333333333333,1.0,1.0
scenario_wise,49,edge_temporal_binary_v2_nuisance_aware,heldout_q95_top1,95.0,1,False,local_support_density,nuisance_q90_margin025,per_src_ip_within_window,,,nuisance_aware_boundary,,,,1.0,,,6521.54820896811,0.8425116654909813,0.0,0.0,0.0,0.0,0.0,16,6,11,3,5395,0.43014098837034487,0.75,1.0,0.8571428571428571,0.09090909090909091,0.9696969696969697,0.9166666666666665,0.3410565338276182,5395,102631645.08458647,0.7301495450280685,0.015013901760889712,0.0,0.0,0.0,0.75,1.0
scenario_wise,49,edge_temporal_binary_v2_nuisance_aware,heldout_q95_top1,95.0,1,False,local_support_density,nuisance_q95_margin025,per_src_ip_within_window,,,nuisance_aware_boundary,,,,1.0,,,6521.54820896811,0.863135254268749,0.0,0.0,0.0,0.0,0.0,16,6,11,3,5395,0.43014098837034487,0.75,1.0,0.8571428571428571,0.09090909090909091,0.9696969696969697,0.9166666666666665,0.3410565338276182,5395,102631645.08458647,0.7301495450280685,0.015013901760889712,0.0,0.0,0.0,0.75,1.0
scenario_wise,49,edge_temporal_binary_v2_nuisance_aware,heldout_q95_top1,95.0,1,False,local_support_density,nuisance_q95_margin050,per_src_ip_within_window,,,nuisance_aware_boundary,,,,1.0,,,6521.54820896811,0.863135254268749,0.0,0.0,0.0,0.0,0.0,16,6,11,3,5395,0.43014098837034487,1.0,0.6666666666666666,0.8,0.0,0.9696969696969697,0.9166666666666665,0.22947173308619093,5395,102631645.08458647,0.7301495450280685,0.12659870250231697,0.09090909090909091,0.09090909090909091,0.3333333333333333,1.0,1.0
scenario_wise,49,edge_temporal_binary_v2_nuisance_aware,heldout_q95_top1,95.0,1,False,combined_support_summary,nuisance_q90_margin025,per_src_ip_within_window,,,nuisance_aware_boundary,,,,1.0,0.5666666666666667,0.6333333333333333,6521.54820896811,0.8425116654909813,0.0,0.0,0.0,0.0,0.0,16,6,11,3,5395,0.43014098837034487,0.75,1.0,0.8571428571428571,0.09090909090909091,0.9696969696969697,0.9166666666666665,0.3410565338276182,5395,102631645.08458647,0.7301495450280685,0.015013901760889712,0.0,0.0,0.0,0.75,1.0
scenario_wise,49,edge_temporal_binary_v2_nuisance_aware,heldout_q95_top1,95.0,1,False,combined_support_summary,nuisance_q95_margin025,per_src_ip_within_window,,,nuisance_aware_boundary,,,,1.0,0.5666666666666667,0.6333333333333333,6521.54820896811,0.863135254268749,0.0,0.0,0.0,0.0,0.0,16,6,11,3,5395,0.43014098837034487,0.75,1.0,0.8571428571428571,0.09090909090909091,0.9696969696969697,0.9166666666666665,0.3410565338276182,5395,102631645.08458647,0.7301495450280685,0.015013901760889712,0.0,0.0,0.0,0.75,1.0
scenario_wise,49,edge_temporal_binary_v2_nuisance_aware,heldout_q95_top1,95.0,1,False,combined_support_summary,nuisance_q95_margin050,per_src_ip_within_window,,,nuisance_aware_boundary,,,,1.0,0.5666666666666667,0.6333333333333333,6521.54820896811,0.863135254268749,0.0,0.0,0.0,0.0,0.0,16,6,11,3,5395,0.43014098837034487,1.0,0.6666666666666666,0.8,0.0,0.9696969696969697,0.9166666666666665,0.22947173308619093,5395,102631645.08458647,0.7301495450280685,0.12659870250231697,0.09090909090909091,0.09090909090909091,0.3333333333333333,1.0,1.0
scenario_wise,49,edge_temporal_binary_v2_nuisance_aware,heldout_q99_top5,99.0,5,True,old_concentration,nuisance_q90_margin025,per_src_ip_within_window,,,nuisance_aware_boundary,1.0,1.0,1.0,1.0,0.5666666666666667,0.6333333333333333,2181.81314404208,0.8448639816232659,0.0,0.0,0.0,0.0,0.0,16,6,11,3,5395,0.4068737273050462,0.75,1.0,0.8571428571428571,0.09090909090909091,0.9696969696969697,0.9166666666666665,0.35125115848007415,5395,57898242.863609746,-0.044190199654264184,0.01149212233549583,0.0,0.0,0.0,0.75,1.0
scenario_wise,49,edge_temporal_binary_v2_nuisance_aware,heldout_q99_top5,99.0,5,True,old_concentration,nuisance_q95_margin025,per_src_ip_within_window,,,nuisance_aware_boundary,1.0,1.0,1.0,1.0,0.5666666666666667,0.6333333333333333,2181.81314404208,0.8625220112786021,0.0,0.0,0.0,0.0,0.0,16,6,11,3,5395,0.4068737273050462,0.75,1.0,0.8571428571428571,0.09090909090909091,0.9696969696969697,0.9166666666666665,0.35125115848007415,5395,57898242.863609746,-0.044190199654264184,0.01149212233549583,0.0,0.0,0.0,0.75,1.0
scenario_wise,49,edge_temporal_binary_v2_nuisance_aware,heldout_q99_top5,99.0,5,True,old_concentration,nuisance_q95_margin050,per_src_ip_within_window,,,nuisance_aware_boundary,1.0,1.0,1.0,1.0,0.5666666666666667,0.6333333333333333,2181.81314404208,0.8625220112786021,0.0,0.0,0.0,0.0,0.0,16,6,11,3,5395,0.4068737273050462,0.75,1.0,0.8571428571428571,0.09090909090909091,0.9696969696969697,0.9166666666666665,0.3110287303058387,5395,57898242.863609746,-0.044190199654264184,0.051714550509731234,0.0,0.0,0.0,0.75,1.0
scenario_wise,49,edge_temporal_binary_v2_nuisance_aware,heldout_q99_top5,99.0,5,False,local_support_density,nuisance_q90_margin025,per_src_ip_within_window,,,nuisance_aware_boundary,,,,1.0,,,2181.81314404208,0.84292566366901,0.0,0.0,0.0,0.0,0.0,16,6,11,3,5395,0.4068737273050462,0.75,1.0,0.8571428571428571,0.09090909090909091,0.9696969696969697,0.9166666666666665,0.35903614457831323,5395,95586066.0627198,0.7227179194996356,0.00778498609823911,0.0,0.0,0.0,0.75,1.0
scenario_wise,49,edge_temporal_binary_v2_nuisance_aware,heldout_q99_top5,99.0,5,False,local_support_density,nuisance_q95_margin025,per_src_ip_within_window,,,nuisance_aware_boundary,,,,1.0,,,2181.81314404208,0.8636830619714662,0.0,0.0,0.0,0.0,0.0,16,6,11,3,5395,0.4068737273050462,0.75,1.0,0.8571428571428571,0.09090909090909091,0.9696969696969697,0.9166666666666665,0.35903614457831323,5395,95586066.0627198,0.7227179194996356,0.00778498609823911,0.0,0.0,0.0,0.75,1.0
scenario_wise,49,edge_temporal_binary_v2_nuisance_aware,heldout_q99_top5,99.0,5,False,local_support_density,nuisance_q95_margin050,per_src_ip_within_window,,,nuisance_aware_boundary,,,,1.0,,,2181.81314404208,0.8636830619714662,0.0,0.0,0.0,0.0,0.0,16,6,11,3,5395,0.4068737273050462,0.75,1.0,0.8571428571428571,0.09090909090909091,0.9696969696969697,0.9166666666666665,0.32363299351251157,5395,95586066.0627198,0.7227179194996356,0.043188137164040775,0.0,0.0,0.0,0.75,1.0
scenario_wise,49,edge_temporal_binary_v2_nuisance_aware,heldout_q99_top5,99.0,5,False,combined_support_summary,nuisance_q90_margin025,per_src_ip_within_window,,,nuisance_aware_boundary,,,,1.0,0.5666666666666667,0.6333333333333333,2181.81314404208,0.84292566366901,0.0,0.0,0.0,0.0,0.0,16,6,11,3,5395,0.4068737273050462,0.75,1.0,0.8571428571428571,0.09090909090909091,0.9696969696969697,0.9166666666666665,0.35903614457831323,5395,95586066.0627198,0.7227179194996356,0.00778498609823911,0.0,0.0,0.0,0.75,1.0
scenario_wise,49,edge_temporal_binary_v2_nuisance_aware,heldout_q99_top5,99.0,5,False,combined_support_summary,nuisance_q95_margin025,per_src_ip_within_window,,,nuisance_aware_boundary,,,,1.0,0.5666666666666667,0.6333333333333333,2181.81314404208,0.8636830619714662,0.0,0.0,0.0,0.0,0.0,16,6,11,3,5395,0.4068737273050462,0.75,1.0,0.8571428571428571,0.09090909090909091,0.9696969696969697,0.9166666666666665,0.35903614457831323,5395,95586066.0627198,0.7227179194996356,0.00778498609823911,0.0,0.0,0.0,0.75,1.0
scenario_wise,49,edge_temporal_binary_v2_nuisance_aware,heldout_q99_top5,99.0,5,False,combined_support_summary,nuisance_q95_margin050,per_src_ip_within_window,,,nuisance_aware_boundary,,,,1.0,0.5666666666666667,0.6333333333333333,2181.81314404208,0.8636830619714662,0.0,0.0,0.0,0.0,0.0,16,6,11,3,5395,0.4068737273050462,0.75,1.0,0.8571428571428571,0.09090909090909091,0.9696969696969697,0.9166666666666665,0.32363299351251157,5395,95586066.0627198,0.7227179194996356,0.043188137164040775,0.0,0.0,0.0,0.75,1.0
scenario_wise,52,edge_temporal_binary_v2_nuisance_aware,heldout_q95_top1,95.0,1,True,old_concentration,nuisance_q90_margin025,per_src_ip_within_window,,,nuisance_aware_boundary,1.0,1.0,1.0,1.0,0.5433333333333333,0.4904166666666664,1.3014152584470629,0.8327652081435863,0.0,0.0,0.0,0.0,0.0,25,10,15,12,12577,0.4225363744280166,1.0,1.0,1.0,0.0,1.0,1.0,0.2772521268983064,12577,4993030.430265348,-0.5486409338232543,0.020752166653414963,0.0,0.0,0.0,1.0,1.0
scenario_wise,52,edge_temporal_binary_v2_nuisance_aware,heldout_q95_top1,95.0,1,True,old_concentration,nuisance_q95_margin025,per_src_ip_within_window,,,nuisance_aware_boundary,1.0,1.0,1.0,1.0,0.5433333333333333,0.4904166666666664,1.3014152584470629,0.8327741635801916,0.0,0.0,0.0,0.0,0.0,25,10,15,12,12577,0.4225363744280166,1.0,1.0,1.0,0.0,1.0,1.0,0.2772521268983064,12577,4993030.430265348,-0.5486409338232543,0.020752166653414963,0.0,0.0,0.0,1.0,1.0
scenario_wise,52,edge_temporal_binary_v2_nuisance_aware,heldout_q95_top1,95.0,1,True,old_concentration,nuisance_q95_margin050,per_src_ip_within_window,,,nuisance_aware_boundary,1.0,1.0,1.0,1.0,0.5433333333333333,0.4904166666666664,1.3014152584470629,0.8327741635801916,0.0,0.0,0.0,0.0,0.0,25,10,15,12,12577,0.4225363744280166,1.0,1.0,1.0,0.0,1.0,1.0,0.2615091039198537,12577,4993030.430265348,-0.5486409338232543,0.036495189631867694,0.0,0.0,0.0,1.0,1.0
scenario_wise,52,edge_temporal_binary_v2_nuisance_aware,heldout_q95_top1,95.0,1,False,local_support_density,nuisance_q90_margin025,per_src_ip_within_window,,,nuisance_aware_boundary,,,,1.0,,,2.4651413713959496,0.8302624098592896,0.0,0.0,0.0,0.0,0.0,25,10,15,12,12577,0.4362712729003679,1.0,1.0,1.0,0.0,1.0,1.0,0.2756619225570486,12577,7292789.000657696,-0.2758842423220388,0.01876441122684265,0.0,0.0,0.0,1.0,1.0
scenario_wise,52,edge_temporal_binary_v2_nuisance_aware,heldout_q95_top1,95.0,1,False,local_support_density,nuisance_q95_margin025,per_src_ip_within_window,,,nuisance_aware_boundary,,,,1.0,,,2.4651413713959496,0.8302715294344054,0.0,0.0,0.0,0.0,0.0,25,10,15,12,12577,0.4362712729003679,1.0,1.0,1.0,0.0,1.0,1.0,0.2756619225570486,12577,7292789.000657696,-0.2758842423220388,0.01876441122684265,0.0,0.0,0.0,1.0,1.0
scenario_wise,52,edge_temporal_binary_v2_nuisance_aware,heldout_q95_top1,95.0,1,False,local_support_density,nuisance_q95_margin050,per_src_ip_within_window,,,nuisance_aware_boundary,,,,1.0,,,2.4651413713959496,0.8302715294344054,0.0,0.0,0.0,0.0,0.0,25,10,15,12,12577,0.4362712729003679,1.0,0.5,0.6666666666666666,0.0,1.0,1.0,0.15345471893138268,12577,7292789.000657696,-0.2758842423220388,0.14097161485250856,0.0,0.0,0.5,1.0,1.0
scenario_wise,52,edge_temporal_binary_v2_nuisance_aware,heldout_q95_top1,95.0,1,False,combined_support_summary,nuisance_q90_margin025,per_src_ip_within_window,,,nuisance_aware_boundary,,,,1.0,0.5433333333333333,0.4904166666666664,2.4651413713959496,0.8302624098592896,0.0,0.0,0.0,0.0,0.0,25,10,15,12,12577,0.4362712729003679,1.0,1.0,1.0,0.0,1.0,1.0,0.2756619225570486,12577,7292789.000657696,-0.2758842423220388,0.01876441122684265,0.0,0.0,0.0,1.0,1.0
scenario_wise,52,edge_temporal_binary_v2_nuisance_aware,heldout_q95_top1,95.0,1,False,combined_support_summary,nuisance_q95_margin025,per_src_ip_within_window,,,nuisance_aware_boundary,,,,1.0,0.5433333333333333,0.4904166666666664,2.4651413713959496,0.8302715294344054,0.0,0.0,0.0,0.0,0.0,25,10,15,12,12577,0.4362712729003679,1.0,1.0,1.0,0.0,1.0,1.0,0.2756619225570486,12577,7292789.000657696,-0.2758842423220388,0.01876441122684265,0.0,0.0,0.0,1.0,1.0
scenario_wise,52,edge_temporal_binary_v2_nuisance_aware,heldout_q95_top1,95.0,1,False,combined_support_summary,nuisance_q95_margin050,per_src_ip_within_window,,,nuisance_aware_boundary,,,,1.0,0.5433333333333333,0.4904166666666664,2.4651413713959496,0.8302715294344054,0.0,0.0,0.0,0.0,0.0,25,10,15,12,12577,0.4362712729003679,1.0,0.5,0.6666666666666666,0.0,1.0,1.0,0.15345471893138268,12577,7292789.000657696,-0.2758842423220388,0.14097161485250856,0.0,0.0,0.5,1.0,1.0
scenario_wise,52,edge_temporal_binary_v2_nuisance_aware,heldout_q99_top5,99.0,5,True,old_concentration,nuisance_q90_margin025,per_src_ip_within_window,,,nuisance_aware_boundary,1.0,1.0,1.0,1.0,0.5666666666666667,0.6333333333333333,1.2888884502242892,0.8317300418090666,0.0,0.0,0.0,0.0,0.0,25,10,15,12,12577,0.4210854085610477,1.0,1.0,1.0,0.0,1.0,1.0,0.27621849407648885,12577,3882102.9925858397,-0.5486814706120493,0.020195595133974717,0.0,0.0,0.0,1.0,1.0
scenario_wise,52,edge_temporal_binary_v2_nuisance_aware,heldout_q99_top5,99.0,5,True,old_concentration,nuisance_q95_margin025,per_src_ip_within_window,,,nuisance_aware_boundary,1.0,1.0,1.0,1.0,0.5666666666666667,0.6333333333333333,1.2888884502242892,0.8317391237046835,0.0,0.0,0.0,0.0,0.0,25,10,15,12,12577,0.4210854085610477,1.0,1.0,1.0,0.0,1.0,1.0,0.27621849407648885,12577,3882102.9925858397,-0.5486814706120493,0.020195595133974717,0.0,0.0,0.0,1.0,1.0
scenario_wise,52,edge_temporal_binary_v2_nuisance_aware,heldout_q99_top5,99.0,5,True,old_concentration,nuisance_q95_margin050,per_src_ip_within_window,,,nuisance_aware_boundary,1.0,1.0,1.0,1.0,0.5666666666666667,0.6333333333333333,1.2888884502242892,0.8317391237046835,0.0,0.0,0.0,0.0,0.0,25,10,15,12,12577,0.4210854085610477,1.0,1.0,1.0,0.0,1.0,1.0,0.26715432933131905,12577,3882102.9925858397,-0.5486814706120493,0.02925975987914447,0.0,0.0,0.0,1.0,1.0
scenario_wise,52,edge_temporal_binary_v2_nuisance_aware,heldout_q99_top5,99.0,5,False,local_support_density,nuisance_q90_margin025,per_src_ip_within_window,,,nuisance_aware_boundary,,,,1.0,,,2.452614563173176,0.8313289901065006,0.0,0.0,0.0,0.0,0.0,25,10,15,12,12577,0.4337564556041309,1.0,1.0,1.0,0.0,1.0,1.0,0.27486682038641963,12577,6181861.560327728,-0.27942865880186085,0.018605390792716864,0.0,0.0,0.0,1.0,1.0
scenario_wise,52,edge_temporal_binary_v2_nuisance_aware,heldout_q99_top5,99.0,5,False,local_support_density,nuisance_q95_margin025,per_src_ip_within_window,,,nuisance_aware_boundary,,,,1.0,,,2.452614563173176,0.8313388202489587,0.0,0.0,0.0,0.0,0.0,25,10,15,12,12577,0.4337564556041309,1.0,1.0,1.0,0.0,1.0,1.0,0.27486682038641963,12577,6181861.560327728,-0.27942865880186085,0.018605390792716864,0.0,0.0,0.0,1.0,1.0
scenario_wise,52,edge_temporal_binary_v2_nuisance_aware,heldout_q99_top5,99.0,5,False,local_support_density,nuisance_q95_margin050,per_src_ip_within_window,,,nuisance_aware_boundary,,,,1.0,,,2.452614563173176,0.8313388202489587,0.0,0.0,0.0,0.0,0.0,25,10,15,12,12577,0.4337564556041309,1.0,1.0,1.0,0.0,1.0,1.0,0.23876918183986642,12577,6181861.560327728,-0.27942865880186085,0.0547030293392701,0.0,0.0,0.0,1.0,1.0
scenario_wise,52,edge_temporal_binary_v2_nuisance_aware,heldout_q99_top5,99.0,5,False,combined_support_summary,nuisance_q90_margin025,per_src_ip_within_window,,,nuisance_aware_boundary,,,,1.0,0.5666666666666667,0.6333333333333333,2.452614563173176,0.8313289901065006,0.0,0.0,0.0,0.0,0.0,25,10,15,12,12577,0.4337564556041309,1.0,1.0,1.0,0.0,1.0,1.0,0.27486682038641963,12577,6181861.560327728,-0.27942865880186085,0.018605390792716864,0.0,0.0,0.0,1.0,1.0
scenario_wise,52,edge_temporal_binary_v2_nuisance_aware,heldout_q99_top5,99.0,5,False,combined_support_summary,nuisance_q95_margin025,per_src_ip_within_window,,,nuisance_aware_boundary,,,,1.0,0.5666666666666667,0.6333333333333333,2.452614563173176,0.8313388202489587,0.0,0.0,0.0,0.0,0.0,25,10,15,12,12577,0.4337564556041309,1.0,1.0,1.0,0.0,1.0,1.0,0.27486682038641963,12577,6181861.560327728,-0.27942865880186085,0.018605390792716864,0.0,0.0,0.0,1.0,1.0
scenario_wise,52,edge_temporal_binary_v2_nuisance_aware,heldout_q99_top5,99.0,5,False,combined_support_summary,nuisance_q95_margin050,per_src_ip_within_window,,,nuisance_aware_boundary,,,,1.0,0.5666666666666667,0.6333333333333333,2.452614563173176,0.8313388202489587,0.0,0.0,0.0,0.0,0.0,25,10,15,12,12577,0.4337564556041309,1.0,1.0,1.0,0.0,1.0,1.0,0.23876918183986642,12577,6181861.560327728,-0.27942865880186085,0.0547030293392701,0.0,0.0,0.0,1.0,1.0
merged,merged_48_49_52,edge_temporal_binary_v2_nuisance_aware,heldout_q95_top1,95.0,1,True,old_concentration,nuisance_q90_margin025,per_src_ip_within_window,,,nuisance_aware_boundary,1.0,1.0,1.0,1.0,0.5666666666666667,0.6333333333333333,166.85868357043964,0.8235185991941669,0.0,0.0,0.0,0.0,0.0,54,21,34,17,22143,0.3615,0.9411764705882353,0.9411764705882353,0.9411764705882353,0.029411764705882353,0.9740484429065743,0.9511421018427939,0.303481913019916,22143,6343752.260272184,-0.5520534246438296,0.009438648782911079,0.0,0.0,0.0,0.9411764705882353,1.0
merged,merged_48_49_52,edge_temporal_binary_v2_nuisance_aware,heldout_q95_top1,95.0,1,True,old_concentration,nuisance_q95_margin025,per_src_ip_within_window,,,nuisance_aware_boundary,1.0,1.0,1.0,1.0,0.5666666666666667,0.6333333333333333,166.85868357043964,0.8304463093297874,0.0,0.0,0.0,0.0,0.0,54,21,34,17,22143,0.3615,0.9411764705882353,0.9411764705882353,0.9411764705882353,0.029411764705882353,0.9740484429065743,0.9511421018427939,0.303481913019916,22143,6343752.260272184,-0.5520534246438296,0.009438648782911079,0.0,0.0,0.0,0.9411764705882353,1.0
merged,merged_48_49_52,edge_temporal_binary_v2_nuisance_aware,heldout_q95_top1,95.0,1,True,old_concentration,nuisance_q95_margin050,per_src_ip_within_window,,,nuisance_aware_boundary,1.0,1.0,1.0,1.0,0.5666666666666667,0.6333333333333333,166.85868357043964,0.8304463093297874,0.0,0.0,0.0,0.0,0.0,54,21,34,17,22143,0.3615,0.9411764705882353,0.9411764705882353,0.9411764705882353,0.029411764705882353,0.9740484429065743,0.9511421018427939,0.2979271101476765,22143,6343752.260272184,-0.5520534246438296,0.014993451655150612,0.0,0.0,0.0,0.9411764705882353,1.0
merged,merged_48_49_52,edge_temporal_binary_v2_nuisance_aware,heldout_q95_top1,95.0,1,False,local_support_density,nuisance_q90_margin025,per_src_ip_within_window,,,nuisance_aware_boundary,,,,1.0,,,274.64998857621157,0.8207677305934823,0.0,0.0,0.0,0.0,0.0,54,21,34,17,22143,0.3615,0.9411764705882353,0.9411764705882353,0.9411764705882353,0.029411764705882353,0.9757785467128028,0.9528087685094606,0.30443029399810323,22143,9362716.426535819,-0.29089385478844965,0.009754775775640157,0.0,0.0,0.0,0.9411764705882353,1.0
merged,merged_48_49_52,edge_temporal_binary_v2_nuisance_aware,heldout_q95_top1,95.0,1,False,local_support_density,nuisance_q95_margin025,per_src_ip_within_window,,,nuisance_aware_boundary,,,,1.0,,,274.64998857621157,0.8278012806979407,0.0,0.0,0.0,0.0,0.0,54,21,34,17,22143,0.3615,0.9411764705882353,0.9411764705882353,0.9411764705882353,0.029411764705882353,0.9757785467128028,0.9528087685094606,0.30443029399810323,22143,9362716.426535819,-0.29089385478844965,0.009754775775640157,0.0,0.0,0.0,0.9411764705882353,1.0
merged,merged_48_49_52,edge_temporal_binary_v2_nuisance_aware,heldout_q95_top1,95.0,1,False,local_support_density,nuisance_q95_margin050,per_src_ip_within_window,,,nuisance_aware_boundary,,,,1.0,,,274.64998857621157,0.8278012806979407,0.0,0.0,0.0,0.0,0.0,54,21,34,17,22143,0.3615,0.9411764705882353,0.9411764705882353,0.9411764705882353,0.029411764705882353,0.9757785467128028,0.9528087685094606,0.30099805807704466,22143,9362716.426535819,-0.29089385478844965,0.01318701169669873,0.0,0.0,0.0,0.9411764705882353,1.0
merged,merged_48_49_52,edge_temporal_binary_v2_nuisance_aware,heldout_q95_top1,95.0,1,False,combined_support_summary,nuisance_q90_margin025,per_src_ip_within_window,,,nuisance_aware_boundary,,,,1.0,0.5666666666666667,0.6333333333333333,274.64998857621157,0.8207677305934823,0.0,0.0,0.0,0.0,0.0,54,21,34,17,22143,0.3615,0.9411764705882353,0.9411764705882353,0.9411764705882353,0.029411764705882353,0.9757785467128028,0.9528087685094606,0.30443029399810323,22143,9362716.426535819,-0.29089385478844965,0.009754775775640157,0.0,0.0,0.0,0.9411764705882353,1.0
merged,merged_48_49_52,edge_temporal_binary_v2_nuisance_aware,heldout_q95_top1,95.0,1,False,combined_support_summary,nuisance_q95_margin025,per_src_ip_within_window,,,nuisance_aware_boundary,,,,1.0,0.5666666666666667,0.6333333333333333,274.64998857621157,0.8278012806979407,0.0,0.0,0.0,0.0,0.0,54,21,34,17,22143,0.3615,0.9411764705882353,0.9411764705882353,0.9411764705882353,0.029411764705882353,0.9757785467128028,0.9528087685094606,0.30443029399810323,22143,9362716.426535819,-0.29089385478844965,0.009754775775640157,0.0,0.0,0.0,0.9411764705882353,1.0
merged,merged_48_49_52,edge_temporal_binary_v2_nuisance_aware,heldout_q95_top1,95.0,1,False,combined_support_summary,nuisance_q95_margin050,per_src_ip_within_window,,,nuisance_aware_boundary,,,,1.0,0.5666666666666667,0.6333333333333333,274.64998857621157,0.8278012806979407,0.0,0.0,0.0,0.0,0.0,54,21,34,17,22143,0.3615,0.9411764705882353,0.9411764705882353,0.9411764705882353,0.029411764705882353,0.9757785467128028,0.9528087685094606,0.30099805807704466,22143,9362716.426535819,-0.29089385478844965,0.01318701169669873,0.0,0.0,0.0,0.9411764705882353,1.0
merged,merged_48_49_52,edge_temporal_binary_v2_nuisance_aware,heldout_q99_top5,99.0,5,True,old_concentration,nuisance_q90_margin025,per_src_ip_within_window,,,nuisance_aware_boundary,1.0,1.0,1.0,1.0,0.5666666666666667,0.6333333333333333,137.32499428810578,0.8230706025142094,0.0,0.0,0.0,0.0,0.0,54,21,34,17,22143,0.3533324984520066,0.9411764705882353,0.9411764705882353,0.9411764705882353,0.029411764705882353,0.9740484429065743,0.9511421018427939,0.3045657769949871,22143,5189146.28126232,-0.5517150133410538,0.009935419771485345,0.0,0.0,0.0,0.9411764705882353,1.0
merged,merged_48_49_52,edge_temporal_binary_v2_nuisance_aware,heldout_q99_top5,99.0,5,True,old_concentration,nuisance_q95_margin025,per_src_ip_within_window,,,nuisance_aware_boundary,1.0,1.0,1.0,1.0,0.5666666666666667,0.6333333333333333,137.32499428810578,0.8300752075554177,0.0,0.0,0.0,0.0,0.0,54,21,34,17,22143,0.3533324984520066,0.9411764705882353,0.9411764705882353,0.9411764705882353,0.029411764705882353,0.9740484429065743,0.9511421018427939,0.3045657769949871,22143,5189146.28126232,-0.5517150133410538,0.009935419771485345,0.0,0.0,0.0,0.9411764705882353,1.0
merged,merged_48_49_52,edge_temporal_binary_v2_nuisance_aware,heldout_q99_top5,99.0,5,True,old_concentration,nuisance_q95_margin050,per_src_ip_within_window,,,nuisance_aware_boundary,1.0,1.0,1.0,1.0,0.5666666666666667,0.6333333333333333,137.32499428810578,0.8300752075554177,0.0,0.0,0.0,0.0,0.0,54,21,34,17,22143,0.3533324984520066,0.9411764705882353,0.9411764705882353,0.9411764705882353,0.029411764705882353,0.9740484429065743,0.9511421018427939,0.3009077360791221,22143,5189146.28126232,-0.5517150133410538,0.013593460687350404,0.0,0.0,0.0,0.9411764705882353,1.0
merged,merged_48_49_52,edge_temporal_binary_v2_nuisance_aware,heldout_q99_top5,99.0,5,False,local_support_density,nuisance_q90_margin025,per_src_ip_within_window,,,nuisance_aware_boundary,,,,1.0,,,274.64998857621157,0.8221857841761291,0.0,0.0,0.0,0.0,0.0,54,21,34,17,22143,0.3533324984520066,0.9411764705882353,0.9411764705882353,0.9411764705882353,0.029411764705882353,0.9775086505190311,0.9546203627123592,0.3038432010116064,22143,8208110.445189517,-0.3005170363998242,0.008987038793298107,0.0,0.0,0.0,0.9411764705882353,1.0
merged,merged_48_49_52,edge_temporal_binary_v2_nuisance_aware,heldout_q99_top5,99.0,5,False,local_support_density,nuisance_q95_margin025,per_src_ip_within_window,,,nuisance_aware_boundary,,,,1.0,,,274.64998857621157,0.8292730252312944,0.0,0.0,0.0,0.0,0.0,54,21,34,17,22143,0.3533324984520066,0.9411764705882353,0.9411764705882353,0.9411764705882353,0.029411764705882353,0.9775086505190311,0.9546203627123592,0.3038432010116064,22143,8208110.445189517,-0.3005170363998242,0.008987038793298107,0.0,0.0,0.0,0.9411764705882353,1.0
merged,merged_48_49_52,edge_temporal_binary_v2_nuisance_aware,heldout_q99_top5,99.0,5,False,local_support_density,nuisance_q95_margin050,per_src_ip_within_window,,,nuisance_aware_boundary,,,,1.0,,,274.64998857621157,0.8292730252312944,0.0,0.0,0.0,0.0,0.0,54,21,34,17,22143,0.3533324984520066,0.9411764705882353,0.9411764705882353,0.9411764705882353,0.029411764705882353,0.9775086505190311,0.9546203627123592,0.30009483809781873,22143,8208110.445189517,-0.3005170363998242,0.01273540170708576,0.0,0.0,0.0,0.9411764705882353,1.0
merged,merged_48_49_52,edge_temporal_binary_v2_nuisance_aware,heldout_q99_top5,99.0,5,False,combined_support_summary,nuisance_q90_margin025,per_src_ip_within_window,,,nuisance_aware_boundary,,,,1.0,0.5666666666666667,0.6333333333333333,274.64998857621157,0.8221857841761291,0.0,0.0,0.0,0.0,0.0,54,21,34,17,22143,0.3533324984520066,0.9411764705882353,0.9411764705882353,0.9411764705882353,0.029411764705882353,0.9775086505190311,0.9546203627123592,0.3038432010116064,22143,8208110.445189517,-0.3005170363998242,0.008987038793298107,0.0,0.0,0.0,0.9411764705882353,1.0
merged,merged_48_49_52,edge_temporal_binary_v2_nuisance_aware,heldout_q99_top5,99.0,5,False,combined_support_summary,nuisance_q95_margin025,per_src_ip_within_window,,,nuisance_aware_boundary,,,,1.0,0.5666666666666667,0.6333333333333333,274.64998857621157,0.8292730252312944,0.0,0.0,0.0,0.0,0.0,54,21,34,17,22143,0.3533324984520066,0.9411764705882353,0.9411764705882353,0.9411764705882353,0.029411764705882353,0.9775086505190311,0.9546203627123592,0.3038432010116064,22143,8208110.445189517,-0.3005170363998242,0.008987038793298107,0.0,0.0,0.0,0.9411764705882353,1.0
merged,merged_48_49_52,edge_temporal_binary_v2_nuisance_aware,heldout_q99_top5,99.0,5,False,combined_support_summary,nuisance_q95_margin050,per_src_ip_within_window,,,nuisance_aware_boundary,,,,1.0,0.5666666666666667,0.6333333333333333,274.64998857621157,0.8292730252312944,0.0,0.0,0.0,0.0,0.0,54,21,34,17,22143,0.3533324984520066,0.9411764705882353,0.9411764705882353,0.9411764705882353,0.029411764705882353,0.9775086505190311,0.9546203627123592,0.30009483809781873,22143,8208110.445189517,-0.3005170363998242,0.01273540170708576,0.0,0.0,0.0,0.9411764705882353,1.0
